resturaunt,Title_link,top_review,description_1,num_reviews,lemon--li__373c0__1r9wz5,street_address,phone,food_type,description_2,extras,price,Headline,Mon_hrs,Tues_hrs,Wed_hrs,Thu_hrs,Fri_hrs,Sat_hrs,Sun_hrs,Field1,Field1_link,Headline1,full_address,Latitude,Longitude,Accuracy Score,Accuracy Type,Number,Street,City,State,County,Zip,Country,Source
Barcelona Wine Bar,https://www.yelp.com/biz/barcelona-wine-bar-brookline-3,"“Great spot for tapas, so many delicious dishes on the menu! Four small plates was plenty of food for two, and we didn't even scratch the surface of all the…” read more","Tapas/Small Plates,",1290 reviews,https://www.yelp.com/biz/barcelona-wine-bar-brookline-3?hrid=8L8MeFPxGxWmttLJg9KPGg,1700 Beacon St,(617) 264-8900,Wine Bars,"Spanish,",Offers delivery,$$$,Barcelona Wine Bar,4:00 pm - 1:00 am,4:00 pm - 1:00 am,4:00 pm - 1:00 am,4:00 pm - 1:00 am,4:00 pm - 2:00 am,11:00 am - 2:00 am,11:00 am - 1:00 am,https://maps.googleapis.com/maps/api/staticmap?scale=1&center=42.338827%2C-71.138816&language=en&zoom=15&markers=scale%3A1%7Cicon%3Ahttps%3A%2F%2Fyelp-images.s3.amazonaws.com%2Fassets%2Fmap-markers%2Fannotation_32x43.png%7C42.338827%2C-71.138816&client=gme-yelp&sensor=false&size=315x150&signature=Proo7kWJqCDGqKfsPg_U7VK7ngY=,https://www.yelp.com/map/barcelona-wine-bar-brookline-3,Barcelona Wine Bar,"1700 Beacon St, Brookline, MA 02446",42.338852,-71.138865,0.9,rooftop,1700,Beacon St,Brookline,MA,Norfolk County,2445,US,City of Brookline
Chiharu,https://www.yelp.com/biz/chiharu-brookline,“Awesome place! Really delicious and delicate food. I like the beef noodle and Tantan ramen! Went there almost every week when I live close. Recommend to…” read more,"Sushi Bars,",138 reviews,https://www.yelp.com/biz/chiharu-brookline?hrid=xY3lqDYgXG0Gz32QwDMY7Q,370 Boylston St,(617) 487-8684,Noodles,"Ramen,",Offers delivery,$$,Chiharu,11:30 am - 9:30 pm,Closed,11:30 am - 9:30 pm,11:30 am - 9:30 pm,11:30 am - 10:00 pm,11:30 am - 10:00 pm,11:30 am - 9:30 pm,https://maps.googleapis.com/maps/api/staticmap?scale=1&center=42.329737%2C-71.126669&language=en&zoom=15&markers=scale%3A1%7Cicon%3Ahttps%3A%2F%2Fyelp-images.s3.amazonaws.com%2Fassets%2Fmap-markers%2Fannotation_32x43.png%7C42.329737%2C-71.126669&client=gme-yelp&sensor=false&size=315x150&signature=cLBiEm9KIBAsSC3hYXsiimhrGPo=,https://www.yelp.com/map/chiharu-brookline,Chiharu,"370 Boylston St, Brookline, MA 02445",42.329751,-71.126666,1,rooftop,370,Boylston St,Brookline,MA,Norfolk County,2445,US,City of Brookline
Sushi Momento,https://www.yelp.com/biz/sushi-momento-brookline-3,"“I ordered the 10-piece nigiri 'omakase,' ($29) on the menu. Even though it's called omakase, it's technically not the traditional one where you are served the…” read more","Sushi Bars,",79 reviews,https://www.yelp.com/biz/sushi-momento-brookline-3?hrid=qOAc4hNdnDB94eiM06LwCA,399 Chestnut Hill Ave,(617) 505-3460,Japanese,"Cocktail Bars,",Offers takeout and delivery,$$,Sushi Momento,11:30 am - 10:00 pm,11:30 am - 10:00 pm,11:30 am - 10:00 pm,11:30 am - 11:00 pm,11:30 am - 11:00 pm,11:30 am - 11:00 pm,12:00 pm - 10:00 pm,https://maps.googleapis.com/maps/api/staticmap?scale=1&center=42.334976%2C-71.150071&language=en&zoom=15&markers=scale%3A1%7Cicon%3Ahttps%3A%2F%2Fyelp-images.s3.amazonaws.com%2Fassets%2Fmap-markers%2Fannotation_32x43.png%7C42.334976%2C-71.150071&client=gme-yelp&sensor=false&size=315x150&signature=Rh_3lXh8A5vlHLOBx4La1_P1BIE=,https://www.yelp.com/map/sushi-momento-brookline-3,Sushi Momento,"399 Chestnut Hill Ave, Brookline, MA 02445",42.33493,-71.150303,1,rooftop,399,Chestnut Hill Ave,Brookline,MA,Norfolk County,2445,US,City of Brookline
Bess’s Cafe,https://www.yelp.com/biz/besss-cafe-brookline,"“Fantastic neighborhood spot. Everything is fantastic. The only critique is that some items are overly salty, the scallion pancake being an example -- overall…” read more","Noodles,",135 reviews,https://www.yelp.com/biz/besss-cafe-brookline?hrid=QXWQ9gaLv02A-u3OI98SCA,224 Cypress St,(617) 879-0993,Soup,"Chinese,",Offers delivery,$$,Bess's Cafe,Closed,11:00 am - 8:00 pm,11:00 am - 8:00 pm,11:00 am - 8:00 pm,11:00 am - 8:00 pm,11:00 am - 8:00 pm,11:00 am - 7:00 pm,https://maps.googleapis.com/maps/api/staticmap?scale=1&center=42.327518%2C-71.124480&language=en&zoom=15&markers=scale%3A1%7Cicon%3Ahttps%3A%2F%2Fyelp-images.s3.amazonaws.com%2Fassets%2Fmap-markers%2Fannotation_32x43.png%7C42.327518%2C-71.124480&client=gme-yelp&sensor=false&size=315x150&signature=9px3XXkYzfpbD4FGf9XFT4oVCGc=,https://www.yelp.com/map/besss-cafe-brookline,Bess’s Cafe,"224 Cypress St, Brookline, MA 02445",42.327541,-71.124466,1,rooftop,224,Cypress St,Brookline,MA,Norfolk County,2445,US,City of Brookline
Stoked Wood Fired Pizza,https://www.yelp.com/biz/stoked-wood-fired-pizza-brookline,"“Oh my god. The impossible cheeseburger pizza is the best vegan pizza I've ever had no doubt. The pickles, the crumbles, the cheese, the aioli. Amazing. It's a…” read more","Pizza,",277 reviews,https://www.yelp.com/biz/stoked-wood-fired-pizza-brookline?hrid=RN-DGQyBdt9fgAk0yn_e1Q,1632 Beacon St,(617) 879-0707,Salad,"Diners,",,$$,Stoked Wood Fired Pizza,11:00 am - 9:00 pm,11:00 am - 9:00 pm,11:00 am - 9:30 pm,11:00 am - 9:30 pm,11:00 am - 10:30 pm,11:00 am - 10:30 pm,12:00 pm - 9:00 pm,https://maps.googleapis.com/maps/api/staticmap?scale=1&center=42.339733%2C-71.135733&language=en&zoom=15&markers=scale%3A1%7Cicon%3Ahttps%3A%2F%2Fyelp-images.s3.amazonaws.com%2Fassets%2Fmap-markers%2Fannotation_32x43.png%7C42.339733%2C-71.135733&client=gme-yelp&sensor=false&size=315x150&signature=Ujsr4LrInhBMi6VdHdvF0jWaJmg=,https://www.yelp.com/map/stoked-wood-fired-pizza-brookline,Stoked Wood Fired Pizza,"1632 Beacon St, Brookline, MA 02446",42.339686,-71.135468,1,rooftop,1632,Beacon St,Brookline,MA,Norfolk County,2446,US,City of Brookline
The Abbey,https://www.yelp.com/biz/the-abbey-brookline,"“I just had a totally satisfying dinner at The Abbey. I started with the pork belly, which was draped in a delicious sweet and sour sauce. Crunchy, unctuous,…” read more",American (New),460 reviews,https://www.yelp.com/biz/the-abbey-brookline?hrid=dhyk0vUK-E4lSbuvtBRBkg,1657 Beacon St,(617) 730-8040,,,,$$,The Abbey,11:00 am - 2:00 am,11:00 am - 2:00 am,11:00 am - 2:00 am,11:00 am - 2:00 am,11:00 am - 2:00 am,11:00 am - 2:00 am,11:00 am - 2:00 am,https://maps.googleapis.com/maps/api/staticmap?scale=1&center=42.338692%2C-71.136698&language=en&zoom=15&markers=scale%3A1%7Cicon%3Ahttps%3A%2F%2Fyelp-images.s3.amazonaws.com%2Fassets%2Fmap-markers%2Fannotation_32x43.png%7C42.338692%2C-71.136698&client=gme-yelp&sensor=false&size=315x150&signature=D3QjA0YgcI1OFsBLaI_gkfnbYqY=,https://www.yelp.com/map/the-abbey-brookline,The Abbey,"1657 Beacon St, Brookline, MA 02445",42.338669,-71.136696,1,rooftop,1657,Beacon St,Brookline,MA,Norfolk County,2445,US,City of Brookline
The Publick House,https://www.yelp.com/biz/the-publick-house-brookline,"“good stuff... fast service.
french fries a little overdone.
overall decent food, comfortable atmosphere” read more","Pubs,",1170 reviews,https://www.yelp.com/biz/the-publick-house-brookline?hrid=YSq3H9tScOXtVnz1i7OcmA,1648 Beacon St,(617) 277-2880,Belgian,"American (Traditional),",,$$,The Publick House,5:00 pm - 2:00 am,5:00 pm - 2:00 am,5:00 pm - 2:00 am,5:00 pm - 2:00 am,5:00 pm - 2:00 am,12:00 pm - 2:00 am,12:00 pm - 2:00 am,https://maps.googleapis.com/maps/api/staticmap?scale=1&center=42.339413%2C-71.136704&language=en&zoom=15&markers=scale%3A1%7Cicon%3Ahttps%3A%2F%2Fyelp-images.s3.amazonaws.com%2Fassets%2Fmap-markers%2Fannotation_32x43.png%7C42.339413%2C-71.136704&client=gme-yelp&sensor=false&size=315x150&signature=508GVxL6kr2XqNPyR__MRZYuZUI=,https://www.yelp.com/map/the-publick-house-brookline,The Publick House,"1648 Beacon St, Brookline, MA 02445",42.339363,-71.136601,1,rooftop,1648,Beacon St,Brookline,MA,Norfolk County,2445,US,City of Brookline
Eagle’s Deli,https://www.yelp.com/biz/eagles-deli-brighton,"“Not bad. Great college place. I like the atmosphere. It's family friendly. 

The chipotle chicken panini is honestly great. The fries are just okay hence the…” read more","Delis,",410 reviews,https://www.yelp.com/biz/eagles-deli-brighton?hrid=JzfWgMwgWGEdhljkZpoc3A,1918 Beacon St,(617) 731-3232,Sandwiches,"Burgers,",Offers takeout and delivery,$,Eagle's Deli,7:00 am - 10:00 pm,7:00 am - 10:00 pm,7:00 am - 10:00 pm,7:00 am - 10:00 pm,7:00 am - 10:00 pm,7:00 am - 10:00 pm,7:00 am - 9:00 pm,https://maps.googleapis.com/maps/api/staticmap?scale=1&center=42.336567%2C-71.149145&language=en&zoom=15&markers=scale%3A1%7Cicon%3Ahttps%3A%2F%2Fyelp-images.s3.amazonaws.com%2Fassets%2Fmap-markers%2Fannotation_32x43.png%7C42.336567%2C-71.149145&client=gme-yelp&sensor=false&size=315x150&signature=Q0quZ6L1BL3lpihe8ovtZ-cbAFo=,https://www.yelp.com/map/eagles-deli-brighton,Eagle’s Deli,"1918 Beacon St, Brighton, MA 02135",42.33653,-71.14929,1,rooftop,1918,Beacon St,Brighton,MA,Suffolk County,2135,US,City of Boston
Cafe Landwer,https://www.yelp.com/biz/cafe-landwer-brighton,“This is my favorite brunch spot in the Boston area. I am a sucker for Israeli food and they do it so well. Have been once on a Saturday at noon and had no wait…” read more,"Diners,",91 reviews,https://www.yelp.com/biz/cafe-landwer-brighton?hrid=7R5fj7ahk_Fsqd3he7dXIQ,383 Chestnut Hill Ave,(617) 383-5786,Breakfast & Brunch,"Mediterranean,",,$$,Cafe Landwer,8:00 am - 9:30 pm,8:00 am - 9:30 pm,8:00 am - 9:30 pm,8:00 am - 9:30 pm,8:00 am - 9:30 pm,8:00 am - 9:30 pm,8:00 am - 9:30 pm,https://maps.googleapis.com/maps/api/staticmap?scale=1&center=42.335753%2C-71.150561&language=en&zoom=15&markers=scale%3A1%7Cicon%3Ahttps%3A%2F%2Fyelp-images.s3.amazonaws.com%2Fassets%2Fmap-markers%2Fannotation_32x43.png%7C42.335753%2C-71.150561&client=gme-yelp&sensor=false&size=315x150&signature=d6e1iP25xK2EpROcSJqZxz5sdnk=,https://www.yelp.com/map/cafe-landwer-brighton,Cafe Landwer,"383 Chestnut Hill Ave, Brighton, MA 02135",42.33527,-71.150565,1,rooftop,383,Chestnut Hill Ave,Brighton,MA,Suffolk County,2135,US,"Office of Geographic Information (MassGIS), Commonwealth of Massachusetts, MassIT"
Pino’s Pizza,https://www.yelp.com/biz/pinos-pizza-brighton,"“Wait. I am disappointed and shocked that I have yet to review Pino's Pizza. As someone who grew up in the area, Pino's is a staple. Seriously, I feel like it…” read more",Pizza,431 reviews,https://www.yelp.com/biz/pinos-pizza-brighton?hrid=z-Ob3fe-Ek4F9M3hfUyOFw,1920 Beacon St,(617) 566-6468,,,Offers takeout and delivery,$,Pino's Pizza,10:00 am - 1:00 am,10:00 am - 1:00 am,10:00 am - 1:00 am,10:00 am - 1:00 am,10:00 am - 1:00 am,10:00 am - 1:00 am,10:00 am - 1:00 am,https://maps.googleapis.com/maps/api/staticmap?scale=1&center=42.336562%2C-71.149331&language=en&zoom=15&markers=scale%3A1%7Cicon%3Ahttps%3A%2F%2Fyelp-images.s3.amazonaws.com%2Fassets%2Fmap-markers%2Fannotation_32x43.png%7C42.336562%2C-71.149331&client=gme-yelp&sensor=false&size=315x150&signature=6uG5cX1vGewYg28fJ8NOptcx9-I=,https://www.yelp.com/map/pinos-pizza-brighton,Pino’s Pizza,"1920 Beacon St, Brighton, MA 02135",42.336497,-71.149281,1,rooftop,1920,Beacon St,Brighton,MA,Suffolk County,2135,US,City of Boston
Rifrullo,https://www.yelp.com/biz/rifrullo-brookline,“What a sweet little neighborhood spot! The menu is small and somewhat limited but what they make is ABSOLUTELY INCREDIBLE. They also have gray coffee and…” read more,Cafes,107 reviews,https://www.yelp.com/biz/rifrullo-brookline?hrid=-3Ek10XuwCdYoKV15N2KIg,147 Cypress St,(617) 505-6727,,,Offers delivery,$$,Rifrullo,7:00 am - 2:30 pm,7:00 am - 2:30 pm,7:00 am - 2:30 pm,7:00 am - 2:30 pm,7:00 am - 2:30 pm,8:00 am - 3:00 pm,8:00 am - 2:00 pm,https://maps.googleapis.com/maps/api/staticmap?scale=1&center=42.329651%2C-71.126227&language=en&zoom=15&markers=scale%3A1%7Cicon%3Ahttps%3A%2F%2Fyelp-images.s3.amazonaws.com%2Fassets%2Fmap-markers%2Fannotation_32x43.png%7C42.329651%2C-71.126227&client=gme-yelp&sensor=false&size=315x150&signature=QFqkmFGkKNmD5wMwr4Zb1Lq-7Zo=,https://www.yelp.com/map/rifrullo-brookline,Rifrullo,"147 Cypress St, Brookline, MA 02445",42.329625,-71.126282,1,rooftop,147,Cypress St,Brookline,MA,Norfolk County,2445,US,City of Brookline
Toichi Ichiban Japanese Cuisine,https://www.yelp.com/biz/toichi-ichiban-japanese-cuisine-brookline-2,"“You could almost miss the unpretentious restaurant located on a side street in Brookline, That would be your loss. Toichi Ichiban is a charming, neighborhood…” read more","Japanese,",73 reviews,https://www.yelp.com/biz/toichi-ichiban-japanese-cuisine-brookline-2?hrid=YaYkwsBgnExFmuap2zVjxA,5 Kendall St,(617) 277-0088,Asian Fusion,"Sushi Bars,",,$$,Toichi Ichiban Japanese Cuisine,Closed,11:00 am - 10:00 pm,11:00 am - 10:00 pm,11:00 am - 10:00 pm,11:00 am - 10:00 pm,11:00 am - 10:00 pm,12:00 pm - 10:00 pm,https://maps.googleapis.com/maps/api/staticmap?scale=1&center=42.327044%2C-71.124427&language=en&zoom=15&markers=scale%3A1%7Cicon%3Ahttps%3A%2F%2Fyelp-images.s3.amazonaws.com%2Fassets%2Fmap-markers%2Fannotation_32x43.png%7C42.327044%2C-71.124427&client=gme-yelp&sensor=false&size=315x150&signature=MytTDcb_gx1gI-CzSIXAqu2KIE4=,https://www.yelp.com/map/toichi-ichiban-japanese-cuisine-brookline-2,Toichi Ichiban Japanese Cuisine,"5 Kendall St, Brookline, MA 02445",42.327066,-71.124513,1,rooftop,5,Kendall St,Brookline,MA,Norfolk County,2445,US,City of Brookline
Cutty’s,https://www.yelp.com/biz/cuttys-brookline,"“It amazes me that anyone would give Cutty's a less than 5 star review. I just want to ask are they okay???

When I first heard of Cutty's I kept hearing rave…” read more","Coffee & Tea,",413 reviews,https://www.yelp.com/biz/cuttys-brookline?hrid=5c21AA_A1EEc5b22ADD-8g,284 Washington St,(617) 505-1844,Breakfast & Brunch,"Sandwiches,",,$,Cutty's,8:00 am - 3:00 pm,8:00 am - 3:00 pm,8:00 am - 3:00 pm,8:00 am - 3:00 pm,8:00 am - 3:00 pm,8:00 am - 3:00 pm,Closed,https://maps.googleapis.com/maps/api/staticmap?scale=1&center=42.333103%2C-71.119393&language=en&zoom=15&markers=scale%3A1%7Cicon%3Ahttps%3A%2F%2Fyelp-images.s3.amazonaws.com%2Fassets%2Fmap-markers%2Fannotation_32x43.png%7C42.333103%2C-71.119393&client=gme-yelp&sensor=false&size=315x150&signature=9bxqwmbb2TkkNHKugLusKuHF7oY=,https://www.yelp.com/map/cuttys-brookline,Cutty’s,"284 Washington St, Brookline, MA 02445",42.333109,-71.119431,1,rooftop,284,Washington St,Brookline,MA,Norfolk County,2445,US,City of Brookline
Fin’s Sushi and Grill,https://www.yelp.com/biz/fins-sushi-and-grill-brighton,"“Thank got a grub hub order. We had the spicy combo, about/cucumber, spicy eel and chicken wings. Don't judge, I was hungry & hangry!  The food was good, tasted…” read more","Sushi Bars,",285 reviews,https://www.yelp.com/biz/fins-sushi-and-grill-brighton?hrid=G3ADkOrHlbO8Z03QZwnPrg,354 Chestnut Hill Ave,(617) 731-0018,,Japanese,Offers takeout and delivery,$$,Fin's Sushi and Grill,11:30 am - 10:15 pm,11:30 am - 10:15 pm,11:30 am - 10:15 pm,11:30 am - 10:15 pm,11:30 am - 11:15 pm,11:30 am - 11:15 pm,12:00 pm - 10:15 pm,https://maps.googleapis.com/maps/api/staticmap?scale=1&center=42.336845%2C-71.151634&language=en&zoom=15&markers=scale%3A1%7Cicon%3Ahttps%3A%2F%2Fyelp-images.s3.amazonaws.com%2Fassets%2Fmap-markers%2Fannotation_32x43.png%7C42.336845%2C-71.151634&client=gme-yelp&sensor=false&size=315x150&signature=9vqmMMw8sLwEn1irFovSjfAYdOw=,https://www.yelp.com/map/fins-sushi-and-grill-brighton,Fin’s Sushi and Grill,"354 Chestnut Hill Ave, Brighton, MA 02135",42.33691,-71.15157,1,rooftop,354,Chestnut Hill Ave,Brighton,MA,Suffolk County,2135,US,City of Boston
Burro Bar Brookline,https://www.yelp.com/biz/burro-bar-brookline-brookline,“Grabbed some take out from here for the first time recently. I grabbed an order of their nachos and the pork enchiladas. Overall this place is on the pricey…” read more,"Mexican,",199 reviews,https://www.yelp.com/biz/burro-bar-brookline-brookline?hrid=YkasgIrgwvymWstJhWQtTw,1665 Beacon St,(617) 277-0427,,Bars,,$$,Burro Bar Brookline,5:00 pm - 11:00 pm,5:00 pm - 11:00 pm,5:00 pm - 12:00 am,5:00 pm - 12:00 am,5:00 pm - 1:00 am,10:00 am - 1:00 am,10:00 am - 11:00 pm,https://maps.googleapis.com/maps/api/staticmap?scale=1&center=42.338523%2C-71.137319&language=en&zoom=15&markers=scale%3A1%7Cicon%3Ahttps%3A%2F%2Fyelp-images.s3.amazonaws.com%2Fassets%2Fmap-markers%2Fannotation_32x43.png%7C42.338523%2C-71.137319&client=gme-yelp&sensor=false&size=315x150&signature=-WhyiV7Xm5YL3iUwreeGPZM2HNU=,https://www.yelp.com/map/burro-bar-brookline-brookline,Burro Bar Brookline,"1665 Beacon St, Brookline, MA 02445",42.33851,-71.13728,1,rooftop,1665,Beacon St,Brookline,MA,Norfolk County,2445,US,City of Brookline
Super Fusion Cuisine,https://www.yelp.com/biz/super-fusion-cuisine-brookline,"“Unparalleled quality of food and service. Family run and always kind, attentive, reliable. I see them about once a week as I live in the Washington Sq. area. I…” read more","Sushi Bars,",288 reviews,https://www.yelp.com/biz/super-fusion-cuisine-brookline?hrid=QC73NM_nDjBsDccUFNRWTA,690 A Washington St,(617) 277-8221,Asian Fusion,"Japanese,",,$$,Super Fusion Cuisine,Closed,11:30 am - 10:00 pm,11:30 am - 10:00 pm,11:30 am - 10:00 pm,11:30 am - 11:00 pm,11:30 am - 11:00 pm,12:00 pm - 10:00 pm,https://maps.googleapis.com/maps/api/staticmap?scale=1&center=42.338595%2C-71.134315&language=en&zoom=15&markers=scale%3A1%7Cicon%3Ahttps%3A%2F%2Fyelp-images.s3.amazonaws.com%2Fassets%2Fmap-markers%2Fannotation_32x43.png%7C42.338595%2C-71.134315&client=gme-yelp&sensor=false&size=315x150&signature=HkJ_8AmBIia0jplAYD2r7q2dMyQ=,https://www.yelp.com/map/super-fusion-cuisine-brookline,Super Fusion Cuisine,"690 A Washington St, Brookline, MA 02446",42.338691,-71.134512,1,rooftop,690,Washington St,Brookline,MA,Norfolk County,2446,US,City of Brookline
Livite,https://www.yelp.com/biz/livite-brookline,"“Their buffalo chicken wraps are probably the best I've ever had, and I'm pretty choosy with my buff chix. It was also quite reasonably priced, so the fact it…” read more","Juice Bars & Smoothies,",97 reviews,https://www.yelp.com/biz/livite-brookline?hrid=exv5VPXy6kkn2zNbgeXInA,1644 Beacon St,(617) 396-8383,Wraps,"Salad,",Offers delivery,$,Livite,8:30 am - 7:00 pm,8:30 am - 7:00 pm,8:30 am - 7:00 pm,8:30 am - 7:00 pm,8:30 am - 7:00 pm,10:00 am - 6:00 pm,10:00 am - 4:00 pm,https://maps.googleapis.com/maps/api/staticmap?scale=1&center=42.339431%2C-71.136425&language=en&zoom=15&markers=scale%3A1%7Cicon%3Ahttps%3A%2F%2Fyelp-images.s3.amazonaws.com%2Fassets%2Fmap-markers%2Fannotation_32x43.png%7C42.339431%2C-71.136425&client=gme-yelp&sensor=false&size=315x150&signature=O9Ew-y2mepOqjqt_sIAPtEmLmOs=,https://www.yelp.com/map/livite-brookline,Livite,"1644 Beacon St, Brookline, MA 02445",42.339418,-71.136394,1,rooftop,1644,Beacon St,Brookline,MA,Norfolk County,2445,US,City of Brookline
Chestnut Hill Restaurant,https://www.yelp.com/biz/chestnut-hill-restaurant-chestnut-hill,"“Best breakfast spot in Newton. Very kind staff who memorize your name - Lin is the best. The prices are very reasonable also, especially for the quality of the…” read more","Breakfast & Brunch,",70 reviews,https://www.yelp.com/biz/chestnut-hill-restaurant-chestnut-hill?hrid=js4yWRFt_30fZcr2qlVl1A,616 Hammond St,(617) 738-8654,,Sandwiches,,$,Chestnut Hill Restaurant,6:00 am - 3:00 pm,6:00 am - 3:00 pm,6:00 am - 3:00 pm,6:00 am - 3:00 pm,6:00 am - 3:00 pm,7:00 am - 2:00 pm,8:00 am - 2:00 pm,https://maps.googleapis.com/maps/api/staticmap?scale=1&center=42.323102%2C-71.163256&language=en&zoom=15&markers=scale%3A1%7Cicon%3Ahttps%3A%2F%2Fyelp-images.s3.amazonaws.com%2Fassets%2Fmap-markers%2Fannotation_32x43.png%7C42.323102%2C-71.163256&client=gme-yelp&sensor=false&size=315x150&signature=2uQlienENEiPdy3Tl9WoRks8xuA=,https://www.yelp.com/map/chestnut-hill-restaurant-chestnut-hill,Chestnut Hill Restaurant,"616 Hammond St, Chestnut Hill, MA 02467",42.323119,-71.163259,1,rooftop,616,Hammond St,Chestnut Hill,MA,Norfolk County,2467,US,City of Brookline
Bottega di Capri,https://www.yelp.com/biz/bottega-di-capri-brookline,“One of my favorite Italian places in boston (including the north end!). This hidden Brookline gem is small but cozy and adorable. The pasta dishes are…” read more,"Italian,",308 reviews,https://www.yelp.com/biz/bottega-di-capri-brookline?hrid=eLId8zBtto4S_qtyGcbZ7Q,41 Harvard St,(617) 738-5333,Seafood,"Comfort Food,",,$$,Bottega di Capri,11:00 am - 9:00 pm,11:00 am - 9:00 pm,11:00 am - 9:00 pm,11:00 am - 9:00 pm,11:00 am - 9:00 pm,11:00 am - 11:30 pm,11:00 am - 6:00 pm,https://maps.googleapis.com/maps/api/staticmap?scale=1&center=42.334665%2C-71.118973&language=en&zoom=15&markers=scale%3A1%7Cicon%3Ahttps%3A%2F%2Fyelp-images.s3.amazonaws.com%2Fassets%2Fmap-markers%2Fannotation_32x43.png%7C42.334665%2C-71.118973&client=gme-yelp&sensor=false&size=315x150&signature=WfME_OOmwCnmfT7Drhj46hIO-wo=,https://www.yelp.com/map/bottega-di-capri-brookline,Bottega di Capri,"41 Harvard St, Brookline, MA 02445",42.334655,-71.118979,1,rooftop,41,Harvard St,Brookline,MA,Norfolk County,2445,US,City of Brookline
La Morra,https://www.yelp.com/biz/la-morra-brookline,“This was a lovely dinner. We had the 4 course tasting menu.  After reading reviews it was unsure what we were to expect: a facility that had some highs and…” read more,Italian,312 reviews,https://www.yelp.com/biz/la-morra-brookline?hrid=irQoTvsIiDJaMOgLeEi1Jg,48 Boylston St,(617) 739-0007,,,Offers takeout and delivery,$$$,La Morra,5:30 pm - 10:00 pm,5:30 pm - 10:00 pm,5:30 pm - 10:00 pm,5:30 pm - 10:00 pm,5:30 pm - 10:30 pm,5:00 pm - 10:30 pm,5:00 pm - 9:00 pm,https://maps.googleapis.com/maps/api/staticmap?scale=1&center=42.331217%2C-71.118788&language=en&zoom=15&markers=scale%3A1%7Cicon%3Ahttps%3A%2F%2Fyelp-images.s3.amazonaws.com%2Fassets%2Fmap-markers%2Fannotation_32x43.png%7C42.331217%2C-71.118788&client=gme-yelp&sensor=false&size=315x150&signature=JqcPuevUsKje_88l4hKPYoTxjHY=,https://www.yelp.com/map/la-morra-brookline,La Morra,"48 Boylston St, Brookline, MA 02445",42.331232,-71.118773,1,rooftop,48,Boylston St,Brookline,MA,Norfolk County,2445,US,City of Brookline
Athan’s Bakery,https://www.yelp.com/biz/athans-bakery-brookline,"“This is without a doubt my favorite bakery in Boston. Their almond croissants are truly magical. There tarts, torts, cakes, gelato, and handmade chocolates…” read more","Bakeries,",416 reviews,https://www.yelp.com/biz/athans-bakery-brookline?hrid=S4dhgNFk4XK4HITijQY_iA,1621 Beacon St,(617) 734-7028,Cafes,"Desserts,",,$$,Athan's Bakery,8:00 am - 10:00 pm,8:00 am - 10:00 pm,8:00 am - 10:00 pm,8:00 am - 10:00 pm,8:00 am - 12:00 am,8:00 am - 12:00 am,8:00 am - 10:00 pm,https://maps.googleapis.com/maps/api/staticmap?scale=1&center=42.339186%2C-71.134816&language=en&zoom=15&markers=scale%3A1%7Cicon%3Ahttps%3A%2F%2Fyelp-images.s3.amazonaws.com%2Fassets%2Fmap-markers%2Fannotation_32x43.png%7C42.339186%2C-71.134816&client=gme-yelp&sensor=false&size=315x150&signature=iNJZZJaerVY_heNDYUpBfj9eGKo=,https://www.yelp.com/map/athans-bakery-brookline,Athan’s Bakery,"1621 Beacon St, Brookline, MA 02446",42.339189,-71.134798,1,rooftop,1621,Beacon St,Brookline,MA,Norfolk County,2446,US,City of Brookline
La Voile Brookline,https://www.yelp.com/biz/la-voile-brookline-brookline-3,"“Excellent service. Food was also very good, but I don't think I will return. At this price point, there are several other French restaurants in the city that I…” read more",French,95 reviews,https://www.yelp.com/biz/la-voile-brookline-brookline-3?hrid=FnlwM8SDKIIUmAKK7s2JaA,1627 Beacon St,(617) 277-1260,,,,$$$,La Voile Brookline,5:00 pm - 9:30 pm,"12:00 pm - 2:30 pm,5:00 pm - 9:30 pm","12:00 pm - 2:30 pm,5:00 pm - 9:30 pm","12:00 pm - 2:30 pm,5:00 pm - 9:30 pm","12:00 pm - 2:30 pm,5:00 pm - 9:30 pm","12:00 pm - 2:30 pm,5:00 pm - 9:30 pm","12:00 pm - 2:30 pm,5:00 pm - 9:30 pm",https://maps.googleapis.com/maps/api/staticmap?scale=1&center=42.339052%2C-71.135368&language=en&zoom=15&markers=scale%3A1%7Cicon%3Ahttps%3A%2F%2Fyelp-images.s3.amazonaws.com%2Fassets%2Fmap-markers%2Fannotation_32x43.png%7C42.339052%2C-71.135368&client=gme-yelp&sensor=false&size=315x150&signature=s_sNXb5KCt6eSOUCGvbq_Iiz_6w=,https://www.yelp.com/map/la-voile-brookline-brookline-3,La Voile Brookline,"1627 Beacon St, Brookline, MA 02445",42.339043,-71.135359,1,rooftop,1627,Beacon St,Brookline,MA,Norfolk County,2445,US,City of Brookline
The Washington Square Tavern,https://www.yelp.com/biz/the-washington-square-tavern-brookline,"“We went to have dinner to WST yesterday. The food was just A.M.A.Z.I.N.G.
I didn't expect such gourmet food for a locally owned tavern.
The drinks and the food…” read more","Bars,",309 reviews,https://www.yelp.com/biz/the-washington-square-tavern-brookline?hrid=CgYt_e7rHruN-ACjKqrqYQ,714 Washington St,(617) 232-8989,,American (Traditional),,$$,The Washington Square Tavern,5:00 pm - 2:00 am,5:00 pm - 2:00 am,5:00 pm - 2:00 am,5:00 pm - 2:00 am,5:00 pm - 2:00 am,5:00 pm - 2:00 am,11:00 am - 2:00 am,https://maps.googleapis.com/maps/api/staticmap?scale=1&center=42.339123%2C-71.135212&language=en&zoom=15&markers=scale%3A1%7Cicon%3Ahttps%3A%2F%2Fyelp-images.s3.amazonaws.com%2Fassets%2Fmap-markers%2Fannotation_32x43.png%7C42.339123%2C-71.135212&client=gme-yelp&sensor=false&size=315x150&signature=iCtLdgwRAEkgkSIPvB0d-U0lVHM=,https://www.yelp.com/map/the-washington-square-tavern-brookline,The Washington Square Tavern,"714 Washington St, Brookline, MA 02445",42.338977,-71.135054,1,rooftop,714,Washington St,Brookline,MA,Norfolk County,2445,US,"Office of Geographic Information (MassGIS), Commonwealth of Massachusetts, MassIT"
Kung Fu Tea,https://www.yelp.com/biz/kung-fu-tea-brighton,“My favourite thing about this location when I lived in Cleveland Circle was there was never anyone inside to make you wait longer than you wanted to for bubble…” read more,"Coffee & Tea,",70 reviews,https://www.yelp.com/biz/kung-fu-tea-brighton?hrid=1vu2REXH7RpnKA2TXeKhGA,1916 Beacon St,(617) 232-1323,Juice Bars & Smoothies,"Bubble Tea,",,$,Kung Fu Tea,11:00 am - 10:30 pm,11:00 am - 10:30 pm,11:00 am - 10:30 pm,11:00 am - 10:30 pm,11:00 am - 11:00 pm,11:00 am - 11:00 pm,11:00 am - 11:00 pm,https://maps.googleapis.com/maps/api/staticmap?scale=1&center=42.336586%2C-71.149079&language=en&zoom=15&markers=scale%3A1%7Cicon%3Ahttps%3A%2F%2Fyelp-images.s3.amazonaws.com%2Fassets%2Fmap-markers%2Fannotation_32x43.png%7C42.336586%2C-71.149079&client=gme-yelp&sensor=false&size=315x150&signature=LksOMFfmZ5-7LU75RJev7QlKNys=,https://www.yelp.com/map/kung-fu-tea-brighton,Kung Fu Tea,"1916 Beacon St, Brighton, MA 02135",42.336567,-71.149001,1,rooftop,1916,Beacon St,Brighton,MA,Suffolk County,2135,US,City of Boston
Blossom Bar,https://www.yelp.com/biz/blossom-bar-brookline-8,,"Cocktail Bars,",160 reviews,,295 Washington St,(617) 734-1870,,Chinese,,$$,Blossom Bar,"11:30 am - 2:30 pm,5:00 pm - 10:30 pm","11:30 am - 2:30 pm,5:00 pm - 10:30 pm","11:30 am - 2:30 pm,5:00 pm - 10:30 pm","11:30 am - 2:30 pm,5:00 pm - 10:30 pm","11:30 am - 2:30 pm,5:00 pm - 10:30 pm","11:30 am - 2:30 pm,5:00 pm - 11:30 pm","12:00 pm - 2:30 pm,5:00 pm - 11:30 pm",https://maps.googleapis.com/maps/api/staticmap?scale=1&center=42.333400%2C-71.119391&language=en&zoom=15&markers=scale%3A1%7Cicon%3Ahttps%3A%2F%2Fyelp-images.s3.amazonaws.com%2Fassets%2Fmap-markers%2Fannotation_32x43.png%7C42.333400%2C-71.119391&client=gme-yelp&sensor=false&size=315x150&signature=FMBxzUANjTkP72Tu7FZAkbIBzu0=,https://www.yelp.com/map/blossom-bar-brookline-8,Blossom Bar,"295 Washington St, Brookline, MA 02445",42.33341,-71.119391,1,rooftop,295,Washington St,Brookline,MA,Norfolk County,2445,US,City of Brookline
Orinoco,https://www.yelp.com/biz/orinoco-brookline,"“Get the beef! 

The beef in the pabellon Criollo had a really well balanced flavor profile and was absolutely delicious. We also really enjoyed the peach jam…” read more","Caribbean,",448 reviews,https://www.yelp.com/biz/orinoco-brookline?hrid=iEt87gp3EcXY0qF2eRbVAw,22 Harvard St,(617) 232-9505,,Venezuelan,Offers takeout and delivery,$$,Orinoco,Closed,"12:00 pm - 2:30 pm,5:30 pm - 10:00 pm","12:00 pm - 2:30 pm,5:30 pm - 10:00 pm","12:00 pm - 2:30 pm,5:30 pm - 11:00 pm","12:00 pm - 2:30 pm,5:30 pm - 11:00 pm","12:00 pm - 2:30 pm,5:30 pm - 11:00 pm","11:00 am - 3:00 pm,5:30 pm - 9:00 pm",https://maps.googleapis.com/maps/api/staticmap?scale=1&center=42.333819%2C-71.119010&language=en&zoom=15&markers=scale%3A1%7Cicon%3Ahttps%3A%2F%2Fyelp-images.s3.amazonaws.com%2Fassets%2Fmap-markers%2Fannotation_32x43.png%7C42.333819%2C-71.119010&client=gme-yelp&sensor=false&size=315x150&signature=xrpVy3-XQZVazR9OBupb3L2EAFw=,https://www.yelp.com/map/orinoco-brookline,Orinoco,"22 Harvard St, Brookline, MA 02445",42.333835,-71.119106,1,rooftop,22,Harvard St,Brookline,MA,Norfolk County,2445,US,City of Brookline
Dates & Olives,https://www.yelp.com/biz/dates-and-olives-boston-2,“Delicious food and fairly priced. You can customize your meal so every time we're never board with the food.” read more,"Mediterranean,",185 reviews,https://www.yelp.com/biz/dates-and-olives-boston-2?hrid=QvaGFO0BYAWigKhWLVc6gQ,160 Chestnut Hill Ave,(617) 903-3156,Caterers,"Sandwiches,",Offers delivery,$,Dates & Olives,Closed,11:00 am - 9:00 pm,11:00 am - 4:30 pm,Closed,Closed,11:00 am - 9:00 pm,11:00 am - 7:00 pm,https://maps.googleapis.com/maps/api/staticmap?scale=1&center=42.341472%2C-71.154242&language=en&zoom=15&markers=scale%3A1%7Cicon%3Ahttps%3A%2F%2Fyelp-images.s3.amazonaws.com%2Fassets%2Fmap-markers%2Fannotation_32x43.png%7C42.341472%2C-71.154242&client=gme-yelp&sensor=false&size=315x150&signature=4lw9V0Xr13qKgdidyRSdIDRhVJw=,https://www.yelp.com/map/dates-and-olives-boston-2,Dates & Olives,"160 Chestnut Hill Ave, Boston, MA 02135",42.341467,-71.154331,1,rooftop,160,Chestnut Hill Ave,Brighton,MA,Suffolk County,2135,US,"Office of Geographic Information (MassGIS), Commonwealth of Massachusetts, MassIT"
Chikchak Food Truck,https://www.yelp.com/biz/chikchak-food-truck-brookline-3,“I'm really upset with myself that I haven't reviewed Chik Chak yet. I come here once a week and am nothing short of addicted. The falafel is arguably the best…” read more,"Food Trucks,",66 reviews,https://www.yelp.com/biz/chikchak-food-truck-brookline-3?hrid=Ko8c5I1eIoxFnKCfd0caAA,,(617) 213-5030,,Middle Eastern,,$$,Chikchak Food Truck,11:00 am - 9:00 pm,11:00 am - 9:00 pm,11:00 am - 9:00 pm,11:00 am - 9:00 pm,11:00 am - 9:00 pm,11:00 am - 9:00 pm,11:00 am - 9:00 pm,https://maps.googleapis.com/maps/api/staticmap?scale=1&language=en&markers=scale%3A1%7Cicon%3Ahttps%3A%2F%2Fyelp-images.s3.amazonaws.com%2Fassets%2Fmap-markers%2Fannotation_32x43.png%7C42.329797%2C-71.126868&client=gme-yelp&path=color%3A0x0947a766%7Cweight%3A0%7Cfillcolor%3A0x0947a766%7C42.255459%2C-71.223679%7C42.255459%2C-71.019058%7C42.271720%2C-70.968933%7C42.423963%2C-70.968933%7C42.423963%2C-71.173553%7C42.407742%2C-71.223679%7C42.255459%2C-71.223679&sensor=false&size=315x150&signature=7GvMjyVt7q6nZJJsn-F84XsxXK0=,https://www.yelp.com/map/chikchak-food-truck-brookline-3,Chikchak Food Truck,"Brookline, MA 02445",42.325483,-71.135045,1,place,,,Brookline,MA,Norfolk County,2445,US,TIGER/LineÂ® dataset from the US Census Bureau
Pizza Stop,https://www.yelp.com/biz/pizza-stop-brookline,"“One of our favorite lunch place around. 
I love the buffalo chicken and the Chicken souvlaki sandwich.
Excellent staff and service - they all have heart…” read more",Pizza,51 reviews,https://www.yelp.com/biz/pizza-stop-brookline?hrid=jP4WOm2kdJ3Rdd15miaXlQ,226 Cypress St,(617) 738-7005,,,,$,Pizza Stop,11:00 am - 10:00 pm,11:00 am - 10:00 pm,11:00 am - 10:00 pm,11:00 am - 10:00 pm,11:00 am - 10:00 pm,11:00 am - 10:00 pm,Closed,https://maps.googleapis.com/maps/api/staticmap?scale=1&center=42.327484%2C-71.124386&language=en&zoom=15&markers=scale%3A1%7Cicon%3Ahttps%3A%2F%2Fyelp-images.s3.amazonaws.com%2Fassets%2Fmap-markers%2Fannotation_32x43.png%7C42.327484%2C-71.124386&client=gme-yelp&sensor=false&size=315x150&signature=rYU84JcnIaJ1ztCQyIimtEaNGog=,https://www.yelp.com/map/pizza-stop-brookline,Pizza Stop,"226 Cypress St, Brookline, MA 02445",42.327505,-71.124401,1,rooftop,226,Cypress St,Brookline,MA,Norfolk County,2445,US,City of Brookline
CitySide,https://www.yelp.com/biz/cityside-brighton,"“Came here for boozy brunch and cannot wait to come back.

Let me start with this. I love breakfast and everything that goes with it. And let me tell you... I…” read more","Bars,",346 reviews,https://www.yelp.com/biz/cityside-brighton?hrid=tAITresLf7342vJ2czGb9Q,1960 Beacon St,(617) 566-1002,Sandwiches,"Burgers,",,$$,CitySide,11:30 am - 2:00 am,11:30 am - 2:00 am,11:30 am - 2:00 am,11:30 am - 2:00 am,11:30 am - 2:00 am,10:30 am - 2:00 am,10:30 am - 2:00 am,https://maps.googleapis.com/maps/api/staticmap?scale=1&center=42.336462%2C-71.150484&language=en&zoom=15&markers=scale%3A1%7Cicon%3Ahttps%3A%2F%2Fyelp-images.s3.amazonaws.com%2Fassets%2Fmap-markers%2Fannotation_32x43.png%7C42.336462%2C-71.150484&client=gme-yelp&sensor=false&size=315x150&signature=_X9xgLNbceaMqQu8aClgngA-Ywk=,https://www.yelp.com/map/cityside-brighton,CitySide,"1960 Beacon St, Brighton, MA 02135",42.336375,-71.150459,1,rooftop,1960,Beacon St,Brighton,MA,Suffolk County,2135,US,City of Boston
Wu Er by WOW Barbecue,https://www.yelp.com/biz/wu-er-by-wow-barbecue-brookline-4,"“OMG! The most authentic Chinese grill fish ever in Boston area!!!! I've tried other places' grill fish and they are not authentic at all. But here in Wu Er,…” read more","Barbeque,",192 reviews,https://www.yelp.com/biz/wu-er-by-wow-barbecue-brookline-4?hrid=D3CBVXo557c8HMnTreiRvg,320 Washington St,(617) 566-8858,Desserts,"Chinese,",Offers takeout and delivery,$$,Wu Er by WOW Barbecue,12:00 pm - 10:30 pm,12:00 pm - 10:30 pm,12:00 pm - 10:30 pm,12:00 pm - 10:30 pm,11:30 am - 11:00 pm,11:30 am - 11:00 pm,12:00 pm - 10:30 pm,https://maps.googleapis.com/maps/api/staticmap?scale=1&center=42.333207%2C-71.120110&language=en&zoom=15&markers=scale%3A1%7Cicon%3Ahttps%3A%2F%2Fyelp-images.s3.amazonaws.com%2Fassets%2Fmap-markers%2Fannotation_32x43.png%7C42.333207%2C-71.120110&client=gme-yelp&sensor=false&size=315x150&signature=ncU_9ekHxTUxuTQk0OUvh3EfiNA=,https://www.yelp.com/map/wu-er-by-wow-barbecue-brookline-4,Wu Er by WOW Barbecue,"320 Washington St, Brookline, MA 02445",42.333215,-71.12022,1,rooftop,320,Washington St,Brookline,MA,Norfolk County,2445,US,City of Brookline
Yamato Restaurant,https://www.yelp.com/biz/yamato-restaurant-brighton,“Great place to come if you want to stuff yourself with sushi!! Be wary though because you have to pay for what you don't finish wasting. Came here with a group…” read more,"Japanese,",634 reviews,https://www.yelp.com/biz/yamato-restaurant-brighton?hrid=OmionAdgpLK7j0c0Z5kM0w,117 Chiswick Rd,(617) 787-8881,,Sushi Bars,Offers takeout and delivery,$$,Yamato Restaurant,11:30 am - 10:00 pm,11:30 am - 10:00 pm,11:30 am - 10:00 pm,11:30 am - 10:00 pm,11:30 am - 11:00 pm,11:30 am - 11:00 pm,12:00 pm - 10:00 pm,https://maps.googleapis.com/maps/api/staticmap?scale=1&center=42.340507%2C-71.152069&language=en&zoom=15&markers=scale%3A1%7Cicon%3Ahttps%3A%2F%2Fyelp-images.s3.amazonaws.com%2Fassets%2Fmap-markers%2Fannotation_32x43.png%7C42.340507%2C-71.152069&client=gme-yelp&sensor=false&size=315x150&signature=_T2pegWao3tfrYZYsza9ZyRXM1Y=,https://www.yelp.com/map/yamato-restaurant-brighton,Yamato Restaurant,"117 Chiswick Rd, Brighton, MA 02135",42.340695,-71.151779,1,rooftop,117,Chiswick Rd,Brighton,MA,Suffolk County,2135,US,City of Boston
Veggie Crust,https://www.yelp.com/biz/veggie-crust-brookline-2,“Manchurian pizza!! I am so glad this place is in Brookline Village. They have a very fun menu with lots of exciting f vegan options. Even omnivores will enjoy…” read more,"Vegetarian,",72 reviews,https://www.yelp.com/biz/veggie-crust-brookline-2?hrid=OWmR7WHR52BFYcC5z-Iwsg,8 Cypress St,(617) 383-5884,Pizza,"Gluten-Free,",,$,Veggie Crust,11:00 am - 11:00 pm,11:00 am - 11:00 pm,11:00 am - 11:00 pm,11:00 am - 11:00 pm,11:00 am - 11:00 pm,11:00 am - 11:00 pm,11:00 am - 11:00 pm,https://maps.googleapis.com/maps/api/staticmap?scale=1&center=42.334370%2C-71.123310&language=en&zoom=15&markers=scale%3A1%7Cicon%3Ahttps%3A%2F%2Fyelp-images.s3.amazonaws.com%2Fassets%2Fmap-markers%2Fannotation_32x43.png%7C42.334370%2C-71.123310&client=gme-yelp&sensor=false&size=315x150&signature=dd2EAbgwisaK2fhHeb9ShDlfNLY=,https://www.yelp.com/map/veggie-crust-brookline-2,Veggie Crust,"8 Cypress St, Brookline, MA 02445",42.334385,-71.123295,1,rooftop,8,Cypress St,Brookline,MA,Norfolk County,2445,US,City of Brookline
Fuel America,https://www.yelp.com/biz/fuel-america-brighton,“There is a woman behind the counter who has always impressed me with her hospitality. She has short brown hair and typically wears it half-up and is white. I…” read more,"Coffee & Tea,",242 reviews,https://www.yelp.com/biz/fuel-america-brighton?hrid=1dHNJud2e1n_qT7Db2mRAw,152 Chestnut Hill Ave,(617) 782-0999,Sandwiches,"Juice Bars & Smoothies,",,$$,Fuel America,7:00 am - 8:00 pm,7:00 am - 8:00 pm,7:00 am - 8:00 pm,7:00 am - 8:00 pm,7:00 am - 8:00 pm,8:00 am - 8:00 pm,8:00 am - 8:00 pm,https://maps.googleapis.com/maps/api/staticmap?scale=1&center=42.341623%2C-71.154239&language=en&zoom=15&markers=scale%3A1%7Cicon%3Ahttps%3A%2F%2Fyelp-images.s3.amazonaws.com%2Fassets%2Fmap-markers%2Fannotation_32x43.png%7C42.341623%2C-71.154239&client=gme-yelp&sensor=false&size=315x150&signature=n3owcOJ-kmqx0wrYfI6ReoJVZVY=,https://www.yelp.com/map/fuel-america-brighton,Fuel America,"152 Chestnut Hill Ave, Brighton, MA 02135",42.34145,-71.15433,1,rooftop,152,Chestnut Hill Ave,Brighton,MA,Suffolk County,2135,US,City of Boston
Zaaki Food Truck,https://www.yelp.com/biz/zaaki-food-truck-brookline,“Amazing! Ordered the original koshari and it was excellent. Came with a side of hummus and yogurt. Very tasty and flavorful. Definitely coming back for more…” read more,"Egyptian,",12 reviews,https://www.yelp.com/biz/zaaki-food-truck-brookline?hrid=n7zsShjZmnO8bykHAsvM9g,374 Boylston St,(857) 361-9660,,Caterers,,$,Zaaki Food Truck,11:00 am - 8:00 pm,11:00 am - 8:00 pm,11:00 am - 8:00 pm,11:00 am - 8:00 pm,11:00 am - 8:30 pm,Closed,Closed,,,,"374 Boylston St, Brookline, MA 02445",42.329727,-71.126899,1,rooftop,374,Boylston St,Brookline,MA,Norfolk County,2445,US,City of Brookline
Vaisakhi Indian Kitchen,https://www.yelp.com/biz/vaisakhi-indian-kitchen-boston-2,"“I haven't had much Indian food before so I wasn't sure what to expect eating at Vaisakhi. The food here is honestly really good, especially if you like your…” read more",Indian,85 reviews,https://www.yelp.com/biz/vaisakhi-indian-kitchen-boston-2?hrid=Xgu9zFk9b8iVkQRHDYHftg,157 Sutherland Rd,(617) 505-5932,,,Offers takeout and delivery,$$,Vaisakhi Indian Kitchen,11:30 am - 10:30 pm,11:30 am - 10:30 pm,11:30 am - 10:30 pm,11:30 am - 10:30 pm,11:30 am - 10:30 pm,11:30 am - 10:30 pm,11:30 am - 10:30 pm,https://maps.googleapis.com/maps/api/staticmap?scale=1&center=42.341073%2C-71.146821&language=en&zoom=15&markers=scale%3A1%7Cicon%3Ahttps%3A%2F%2Fyelp-images.s3.amazonaws.com%2Fassets%2Fmap-markers%2Fannotation_32x43.png%7C42.341073%2C-71.146821&client=gme-yelp&sensor=false&size=315x150&signature=8MjUzYGFPsN87YPEn8dn-bT5E_Q=,https://www.yelp.com/map/vaisakhi-indian-kitchen-boston-2,Vaisakhi Indian Kitchen,"157 Sutherland Rd, Boston, MA 02135",42.341091,-71.146839,1,rooftop,157,Sutherland Rd,Brighton,MA,Suffolk County,2135,US,City of Boston
Aquitaine Chestnut Hill,https://www.yelp.com/biz/aquitaine-chestnut-hill-chestnut-hill-2,"“Stopped in for an early dinner Saturday with a group of 5, friends visiting from VA/DC.  We were greeted with a warm welcome and the hostess sat us near the…” read more","French,",202 reviews,https://www.yelp.com/biz/aquitaine-chestnut-hill-chestnut-hill-2?hrid=Bedbex1_39XlTkGLiO_fNg,,(617) 734-8400,Modern European,"Bars,",,$$$,Aquitaine Chestnut Hill,11:30 am - 10:00 pm,11:30 am - 10:00 pm,11:30 am - 10:00 pm,11:30 am - 10:00 pm,11:30 am - 11:00 pm,10:00 am - 11:00 pm,10:00 am - 10:00 pm,https://maps.googleapis.com/maps/api/staticmap?scale=1&center=42.323422%2C-71.166449&language=en&zoom=15&markers=scale%3A1%7Cicon%3Ahttps%3A%2F%2Fyelp-images.s3.amazonaws.com%2Fassets%2Fmap-markers%2Fannotation_32x43.png%7C42.323422%2C-71.166449&client=gme-yelp&sensor=false&size=315x150&signature=f-_q02PB6iFiblvECNT-RsA5UeA=,https://www.yelp.com/map/aquitaine-chestnut-hill-chestnut-hill-2,Aquitaine Chestnut Hill,"11 Boylston St, Chestnut Hill, MA 02467",42.323445,-71.166464,1,rooftop,11,Boylston St,Chestnut Hill,MA,Middlesex County,2467,US,Town of Newton
Virginia’s Fine Foods,https://www.yelp.com/biz/virginias-fine-foods-brookline-2,"“Agree with all the great reviews. Did not experience any of the bad. Great sandwich, fresh, good amount of food, reasonable price. The gentleman was friendly…” read more","Delis,",87 reviews,https://www.yelp.com/biz/virginias-fine-foods-brookline-2?hrid=g7B_mhoZNbTFgQNqsytEfQ,8A Cypress St,(617) 566-7775,Breakfast & Brunch,"Sandwiches,",,$,Virginia's Fine Foods,7:00 am - 7:00 pm,7:00 am - 7:00 pm,7:00 am - 7:00 pm,7:00 am - 7:00 pm,7:00 am - 7:00 pm,8:00 am - 5:00 pm,Closed,https://maps.googleapis.com/maps/api/staticmap?scale=1&center=42.334371%2C-71.123341&language=en&zoom=15&markers=scale%3A1%7Cicon%3Ahttps%3A%2F%2Fyelp-images.s3.amazonaws.com%2Fassets%2Fmap-markers%2Fannotation_32x43.png%7C42.334371%2C-71.123341&client=gme-yelp&sensor=false&size=315x150&signature=CWZh3hs8KE5UBmpmCRp9BOS018A=,https://www.yelp.com/map/virginias-fine-foods-brookline-2,Virginia’s Fine Foods,"8A Cypress St, Brookline, MA 02445",42.334385,-71.123295,1,rooftop,8,Cypress St,Brookline,MA,Norfolk County,2445,US,City of Brookline
Brothers & Sisters Co Coffeehouse + Cafe,https://www.yelp.com/biz/brothers-and-sisters-co-coffeehouse-cafe-brookline,“I love this space. Nice ambiance and the baked good are delicious! First time in Brookline Village and found this gem. Will definitely make my way back here in…” read more,"Coffee & Tea,",221 reviews,https://www.yelp.com/biz/brothers-and-sisters-co-coffeehouse-cafe-brookline?hrid=2Wlja5w36XGig2njfZ4voA,7 Station St,(617) 730-5525,Breakfast & Brunch,"Bagels,",,$,Brothers & Sisters Co Coffeehouse + Cafe,7:00 am - 6:00 pm,7:00 am - 6:00 pm,7:00 am - 6:00 pm,7:00 am - 6:00 pm,7:00 am - 6:00 pm,8:00 am - 5:00 pm,9:00 am - 4:00 pm,https://maps.googleapis.com/maps/api/staticmap?scale=1&center=42.332594%2C-71.117917&language=en&zoom=15&markers=scale%3A1%7Cicon%3Ahttps%3A%2F%2Fyelp-images.s3.amazonaws.com%2Fassets%2Fmap-markers%2Fannotation_32x43.png%7C42.332594%2C-71.117917&client=gme-yelp&sensor=false&size=315x150&signature=_3D1rqnZri_TYnnW9CggAC5wa2o=,https://www.yelp.com/map/brothers-and-sisters-co-coffeehouse-cafe-brookline,Brothers & Sisters Co Coffeehouse + Cafe,"7 Station St, Brookline, MA 02445",42.332616,-71.11793,1,rooftop,7,Station St,Brookline,MA,Norfolk County,2445,US,City of Brookline
Golden Temple,https://www.yelp.com/biz/golden-temple-brookline,"“I sat at bar.
Good size martinis., which is what I wanted.
If you talk, the people at the bar are friendly. Don't wait, no one will chat with you. Unless you…” read more",Chinese,510 reviews,https://www.yelp.com/biz/golden-temple-brookline?hrid=sDBiR713Oy-HQgVouig2IA,1651 Beacon St,(617) 277-9722,,,Offers takeout and delivery,$$,Golden Temple,4:00 pm - 1:00 am,4:00 pm - 1:00 am,4:00 pm - 1:00 am,4:00 pm - 1:00 am,11:00 am - 2:00 am,11:00 am - 2:00 am,11:00 am - 1:00 am,https://maps.googleapis.com/maps/api/staticmap?scale=1&center=42.338819%2C-71.136215&language=en&zoom=15&markers=scale%3A1%7Cicon%3Ahttps%3A%2F%2Fyelp-images.s3.amazonaws.com%2Fassets%2Fmap-markers%2Fannotation_32x43.png%7C42.338819%2C-71.136215&client=gme-yelp&sensor=false&size=315x150&signature=hMCTWiqzX0P89G3kFda1Qm2HMME=,https://www.yelp.com/map/golden-temple-brookline,Golden Temple,"1651 Beacon St, Brookline, MA 02445",42.338743,-71.136181,1,rooftop,1651,Beacon St,Brookline,MA,Norfolk County,2445,US,City of Brookline
Pon Thai Bistro,https://www.yelp.com/biz/pon-thai-bistro-brookline,"“First time here and the food was delightful. My wife and I are trying to incorporate more vegetarian meals in our diet so we ordered:

Spicy Tofu Eggplant -…” read more",Thai,150 reviews,https://www.yelp.com/biz/pon-thai-bistro-brookline?hrid=El852jMjbofIbWdd6h9MjA,213 Washington St,(617) 608-3593,,,Offers reservations,$$,Pon Thai Bistro,"11:30 am - 3:00 pm,5:00 pm - 10:00 pm","11:30 am - 3:00 pm,5:00 pm - 10:00 pm","11:30 am - 3:00 pm,5:00 pm - 10:00 pm","11:30 am - 3:00 pm,5:00 pm - 10:00 pm","11:30 am - 3:00 pm,5:00 pm - 10:30 pm","12:00 pm - 3:00 pm,4:30 pm - 10:30 pm","12:00 pm - 3:00 pm,4:30 pm - 10:00 pm",https://maps.googleapis.com/maps/api/staticmap?scale=1&center=42.332514%2C-71.118249&language=en&zoom=15&markers=scale%3A1%7Cicon%3Ahttps%3A%2F%2Fyelp-images.s3.amazonaws.com%2Fassets%2Fmap-markers%2Fannotation_32x43.png%7C42.332514%2C-71.118249&client=gme-yelp&sensor=false&size=315x150&signature=7ZK3_uZohRmTVLfSzXzNwzXXoWQ=,https://www.yelp.com/map/pon-thai-bistro-brookline,Pon Thai Bistro,"213 Washington St, Brookline, MA 02445",42.332549,-71.118185,1,rooftop,213,Washington St,Brookline,MA,Norfolk County,2445,US,City of Brookline
Grassona’s Italian,https://www.yelp.com/biz/grassonas-italian-brookline,"“Wow, what a fantastic restaurant! We sat down originally just for drinks as we waited for a table at a different restaurant, but after seeing the menu and…” read more",Italian,72 reviews,https://www.yelp.com/biz/grassonas-italian-brookline?hrid=vG0hB4E_04GD_lRaH4Rmng,1704 Beacon St,(617) 396-8752,,,Offers takeout and delivery,$$,Grassona's Italian,Closed,5:00 pm - 12:00 am,5:00 pm - 12:00 am,5:00 pm - 12:00 am,5:00 pm - 12:00 am,5:00 pm - 12:00 am,4:00 pm - 12:00 am,https://maps.googleapis.com/maps/api/staticmap?scale=1&center=42.338839%2C-71.138891&language=en&zoom=15&markers=scale%3A1%7Cicon%3Ahttps%3A%2F%2Fyelp-images.s3.amazonaws.com%2Fassets%2Fmap-markers%2Fannotation_32x43.png%7C42.338839%2C-71.138891&client=gme-yelp&sensor=false&size=315x150&signature=Om2OpShFmDra_yQnItqJJe3Uk0Q=,https://www.yelp.com/map/grassonas-italian-brookline,Grassona’s Italian,"1704 Beacon St, Brookline, MA 02445",42.338814,-71.139034,1,rooftop,1704,Beacon St,Brookline,MA,Norfolk County,2445,US,City of Brookline
Amelia’s Taqueria,https://www.yelp.com/biz/amelias-taqueria-brighton,"“We just moved to the neighborhood, and wanted to try the local taqueria. I was very pleasantly surprised by everything at this location, so much so that we…” read more",Mexican,59 reviews,https://www.yelp.com/biz/amelias-taqueria-brighton?hrid=0-9Pnr0AWoTqsHIWDH8hhA,1936 Beacon St,(617) 505-6232,,,Offers takeout and delivery,$,Amelia's Taqueria,7:00 am - 11:00 pm,7:00 am - 11:00 pm,7:00 am - 11:00 pm,7:00 am - 11:00 pm,7:00 am - 2:00 am,7:00 am - 2:00 am,7:00 am - 10:00 pm,https://maps.googleapis.com/maps/api/staticmap?scale=1&center=42.336361%2C-71.149991&language=en&zoom=15&markers=scale%3A1%7Cicon%3Ahttps%3A%2F%2Fyelp-images.s3.amazonaws.com%2Fassets%2Fmap-markers%2Fannotation_32x43.png%7C42.336361%2C-71.149991&client=gme-yelp&sensor=false&size=315x150&signature=EBITVjnYFcDSW1KBJkxbAJk7NIA=,https://www.yelp.com/map/amelias-taqueria-brighton,Amelia’s Taqueria,"1936 Beacon St, Brighton, MA 02135",42.336353,-71.149932,1,rooftop,1936,Beacon St,Brighton,MA,Suffolk County,2135,US,City of Boston
Gyro City,https://www.yelp.com/biz/gyro-city-boston-2,"“This is my favorite Gyro in Boston. I stop by their Chestnut Hill ave location in Brighton at least once a week for my fix. 

Peter and the team behind the…” read more",Greek,97 reviews,https://www.yelp.com/biz/gyro-city-boston-2?hrid=si0MKqT5g_x8XUXfazDjXA,181 Chestnut Hill Ave,(617) 903-4248,,,Offers takeout and delivery,$$,Gyro City,11:00 am - 10:00 pm,11:00 am - 10:00 pm,11:00 am - 10:00 pm,11:00 am - 10:00 pm,11:00 am - 10:00 pm,11:00 am - 10:00 pm,11:00 am - 9:00 pm,https://maps.googleapis.com/maps/api/staticmap?scale=1&center=42.341776%2C-71.154451&language=en&zoom=15&markers=scale%3A1%7Cicon%3Ahttps%3A%2F%2Fyelp-images.s3.amazonaws.com%2Fassets%2Fmap-markers%2Fannotation_32x43.png%7C42.341776%2C-71.154451&client=gme-yelp&sensor=false&size=315x150&signature=IltmBGsArZL8dy3x903C5wf_XEc=,https://www.yelp.com/map/gyro-city-boston-2,Gyro City,"181 Chestnut Hill Ave, Boston, MA 02135",42.341827,-71.154611,1,rooftop,181,Chestnut Hill Ave,Brighton,MA,Suffolk County,2135,US,"Office of Geographic Information (MassGIS), Commonwealth of Massachusetts, MassIT"
Matt Murphy’s Pub,https://www.yelp.com/biz/matt-murphys-pub-brookline-2,"“I have to say, as someone who didn't know about this ""free oysters on Mondays"" business, I was sooo confused when the waitress dropped off a half dozen oysters…” read more",Irish Pub,357 reviews,https://www.yelp.com/biz/matt-murphys-pub-brookline-2?hrid=YRngAuBJcAF7_HaI4a4Yiw,14 Harvard St,(617) 232-0188,,,,$$,Matt Murphy's Pub,11:30 am - 11:00 pm,11:30 am - 11:00 pm,11:30 am - 11:00 pm,11:30 am - 11:00 pm,11:30 am - 11:00 pm,11:30 am - 11:00 pm,11:00 am - 11:00 pm,https://maps.googleapis.com/maps/api/staticmap?scale=1&center=42.333307%2C-71.118917&language=en&zoom=15&markers=scale%3A1%7Cicon%3Ahttps%3A%2F%2Fyelp-images.s3.amazonaws.com%2Fassets%2Fmap-markers%2Fannotation_32x43.png%7C42.333307%2C-71.118917&client=gme-yelp&sensor=false&size=315x150&signature=RARvkIfgbXIvnCNPG2-IvJues74=,https://www.yelp.com/map/matt-murphys-pub-brookline-2,Matt Murphy’s Pub,"14 Harvard St, Brookline, MA 02445",42.333668,-71.119087,1,rooftop,14,Harvard St,Brookline,MA,Norfolk County,2445,US,City of Brookline
Moogy’s Restaurant,https://www.yelp.com/biz/moogys-restaurant-brighton,“Walking in you might think this place might not have good food.  You couldn't be more wrong!  The food was outstanding.  They even had gluten free options!…” read more,"Sandwiches,",185 reviews,https://www.yelp.com/biz/moogys-restaurant-brighton?hrid=KqAxdN_h1TOJsOrDMmFSlQ,154 Chestnut Hill Ave,(617) 254-8114,Hot Dogs,"Breakfast & Brunch,",,$,Moogy's Restaurant,5:00 pm - 10:00 pm,10:00 am - 10:00 pm,10:00 am - 10:00 pm,10:00 am - 10:00 pm,10:00 am - 10:00 pm,10:00 am - 10:00 pm,10:00 am - 10:00 pm,https://maps.googleapis.com/maps/api/staticmap?scale=1&center=42.341587%2C-71.154318&language=en&zoom=15&markers=scale%3A1%7Cicon%3Ahttps%3A%2F%2Fyelp-images.s3.amazonaws.com%2Fassets%2Fmap-markers%2Fannotation_32x43.png%7C42.341587%2C-71.154318&client=gme-yelp&sensor=false&size=315x150&signature=IZXydlVYMuCjaO9jSiPuNY9rOxE=,https://www.yelp.com/map/moogys-restaurant-brighton,Moogy’s Restaurant,"154 Chestnut Hill Ave, Brighton, MA 02135",42.341553,-71.154279,1,rooftop,154,Chestnut Hill Ave,Brighton,MA,Suffolk County,2135,US,City of Boston
Dolce Vita Cafe,https://www.yelp.com/biz/dolce-vita-cafe-brighton,“I so love small neighborhood business. My son took me for breakfast here. He told me they opened around 2011. It was his go to spot for his breakfast…” read more,"Coffee & Tea,",90 reviews,https://www.yelp.com/biz/dolce-vita-cafe-brighton?hrid=7-emGVE7TvqMhoudx2c6yQ,1698 Commonwealth Ave,(617) 232-2380,Juice Bars & Smoothies,"Bagels,",Offers delivery,$,Dolce Vita Cafe,6:00 am - 4:00 pm,6:00 am - 4:00 pm,6:00 am - 4:00 pm,6:00 am - 4:00 pm,6:00 am - 4:00 pm,7:00 am - 4:00 pm,7:00 am - 2:00 pm,https://maps.googleapis.com/maps/api/staticmap?scale=1&center=42.341243%2C-71.146600&language=en&zoom=15&markers=scale%3A1%7Cicon%3Ahttps%3A%2F%2Fyelp-images.s3.amazonaws.com%2Fassets%2Fmap-markers%2Fannotation_32x43.png%7C42.341243%2C-71.146600&client=gme-yelp&sensor=false&size=315x150&signature=16QUxKEi-LUAd9pLmgr__WCz3Yg=,https://www.yelp.com/map/dolce-vita-cafe-brighton,Dolce Vita Cafe,"1698 Commonwealth Ave, Brighton, MA 02135",42.341248,-71.146504,1,rooftop,1698,Commonwealth Ave,Brighton,MA,Suffolk County,2135,US,City of Boston
Migaku,https://www.yelp.com/biz/migaku-brookline,,Ramen,52 reviews,,238 Washington St,(617) 608-3141,,,,$$,Migaku,"11:30 am - 3:30 pm,5:00 pm - 9:00 pm","11:30 am - 3:30 pm,5:00 pm - 9:00 pm","11:30 am - 3:30 pm,5:00 pm - 9:00 pm","11:30 am - 3:30 pm,5:00 pm - 9:00 pm","11:30 am - 3:30 pm,5:00 pm - 9:00 pm","11:30 am - 3:30 pm,5:00 pm - 9:00 pm","11:30 am - 3:30 pm,5:00 pm - 9:00 pm",https://maps.googleapis.com/maps/api/staticmap?scale=1&center=42.332697%2C-71.118878&language=en&zoom=15&markers=scale%3A1%7Cicon%3Ahttps%3A%2F%2Fyelp-images.s3.amazonaws.com%2Fassets%2Fmap-markers%2Fannotation_32x43.png%7C42.332697%2C-71.118878&client=gme-yelp&sensor=false&size=315x150&signature=A7UHbi_kJJOdJJtVsvYEU9C-XSg=,https://www.yelp.com/map/migaku-brookline,Migaku,"238 Washington St, Brookline, MA 02445",42.332675,-71.118886,1,rooftop,238,Washington St,Brookline,MA,Norfolk County,2445,US,City of Brookline
Zinneken’s Belgian Waffles - Harvard Square,https://www.yelp.com/biz/zinnekens-belgian-waffles-harvard-square-cambridge,"“The perfect place for dessert on a cold winter's night. Warm and cozy, with down-to-earth and unpretentious vibes. And yes -- the waffles are delicious too.…” read more","Bakeries,",482 reviews,https://www.yelp.com/biz/zinnekens-belgian-waffles-harvard-square-cambridge?hrid=TUbjtaYmOcbs8UU39WqR5w,,(617) 876-0836,Food Trucks,"Waffles,",Offers takeout and delivery,$,Zinneken's Belgian Waffles - Harvard Square,9:00 am - 11:00 pm,9:00 am - 11:00 pm,9:00 am - 11:00 pm,9:00 am - 11:00 pm,9:00 am - 12:00 am,9:00 am - 12:00 am,9:00 am - 9:00 pm,https://maps.googleapis.com/maps/api/staticmap?scale=1&language=en&markers=scale%3A1%7Cicon%3Ahttps%3A%2F%2Fyelp-images.s3.amazonaws.com%2Fassets%2Fmap-markers%2Fannotation_32x43.png%7C42.371215%2C-71.114561&client=gme-yelp&path=color%3A0x0947a766%7Cweight%3A0%7Cfillcolor%3A0x0947a766%7C42.354200%2C-71.146569%7C42.307332%2C-71.125447%7C42.307332%2C-71.017323%7C42.388236%2C-71.017323%7C42.394178%2C-71.075712%7C42.394178%2C-71.146569%7C42.354200%2C-71.146569&sensor=false&size=315x150&signature=xEd7KJgQn-r3awNwExZ6eHEOtLk=,https://www.yelp.com/map/zinnekens-belgian-waffles-harvard-square-cambridge,Zinneken’s Belgian Waffles - Harvard Square,"1154 Massachusetts Ave, Cambridge, MA 02138",42.371204,-71.114497,1,rooftop,1154,Massachusetts Ave,Cambridge,MA,Middlesex County,2138,US,City of Cambridge
Pomodoro,https://www.yelp.com/biz/pomodoro-brookline,"“Fish stew is top notch

Great pastas

Cash only 

Will accommodate kids but no high chairs. 

Service is always great” read more",Italian,239 reviews,https://www.yelp.com/biz/pomodoro-brookline?hrid=7S83Y5GXSMYL1_F6yMqIew,24 Harvard St,(617) 566-4455,,,,$$$,Pomodoro,,,,,,,,https://maps.googleapis.com/maps/api/staticmap?scale=1&center=42.333885%2C-71.119158&language=en&zoom=15&markers=scale%3A1%7Cicon%3Ahttps%3A%2F%2Fyelp-images.s3.amazonaws.com%2Fassets%2Fmap-markers%2Fannotation_32x43.png%7C42.333885%2C-71.119158&client=gme-yelp&sensor=false&size=315x150&signature=RNqipb3UitGvBAGURQaOXnycXac=,https://www.yelp.com/map/pomodoro-brookline,Pomodoro,"24 Harvard St, Brookline, MA 02445",42.333882,-71.119117,1,rooftop,24,Harvard St,Brookline,MA,Norfolk County,2445,US,City of Brookline
New Paris Bakery & Candy Shop,https://www.yelp.com/biz/new-paris-bakery-and-candy-shop-brookline,“I have been coming here since I was a kid and my 89 year old mom grew up stopping for treats after school  Fabulous eclairs and delicious/addictive cookies!” read more,"Bakeries,",54 reviews,https://www.yelp.com/biz/new-paris-bakery-and-candy-shop-brookline?hrid=Rxi4e6HduCOpqhQNJZMRTw,10 Cypress St,(617) 566-0929,,Candy Stores,,$,New Paris Bakery & Candy Shop,9:00 am - 6:00 pm,9:00 am - 6:00 pm,9:00 am - 6:00 pm,9:00 am - 6:00 pm,9:00 am - 6:00 pm,9:00 am - 5:00 pm,Closed,https://maps.googleapis.com/maps/api/staticmap?scale=1&center=42.334340%2C-71.123348&language=en&zoom=15&markers=scale%3A1%7Cicon%3Ahttps%3A%2F%2Fyelp-images.s3.amazonaws.com%2Fassets%2Fmap-markers%2Fannotation_32x43.png%7C42.334340%2C-71.123348&client=gme-yelp&sensor=false&size=315x150&signature=Ez4milI4eMKTe0GJ9RUvnLAm174=,https://www.yelp.com/map/new-paris-bakery-and-candy-shop-brookline,New Paris Bakery & Candy Shop,"10 Cypress St, Brookline, MA 02445",42.334345,-71.123356,1,rooftop,10,Cypress St,Brookline,MA,Norfolk County,2445,US,City of Brookline
When Pigs Fly,https://www.yelp.com/biz/when-pigs-fly-brookline,"“I love their bread! A $6 loaf goes a long way (with a student discount, it comes to $5.40 I believe)--most of their bread I tried tended to be very heavy and…” read more",Bakeries,117 reviews,https://www.yelp.com/biz/when-pigs-fly-brookline?hrid=3LJhDVkeYbit8aZVU4H6gg,1378A Beacon St,(617) 232-1077,,,,$$,When Pigs Fly,10:00 am - 7:30 pm,10:00 am - 7:30 pm,10:00 am - 7:30 pm,10:00 am - 7:30 pm,10:00 am - 7:30 pm,10:00 am - 7:30 pm,10:00 am - 7:30 pm,https://maps.googleapis.com/maps/api/staticmap?scale=1&center=42.341734%2C-71.123777&language=en&zoom=15&markers=scale%3A1%7Cicon%3Ahttps%3A%2F%2Fyelp-images.s3.amazonaws.com%2Fassets%2Fmap-markers%2Fannotation_32x43.png%7C42.341734%2C-71.123777&client=gme-yelp&sensor=false&size=315x150&signature=8GD97Ssk4ORc83lp5Oy0rmfC8tU=,https://www.yelp.com/map/when-pigs-fly-brookline,When Pigs Fly,"1378A Beacon St, Brookline, MA 02446",42.341816,-71.123788,1,rooftop,1378,Beacon St,Brookline,MA,Norfolk County,2446,US,City of Brookline
Mei Mei Street Kitchen,https://www.yelp.com/biz/mei-mei-street-kitchen-boston-4,"“Fast-casual service with the restaurant-next-door hospitality and James Beard (nominated) quality food.
I've been to Mei Mei for lunch, for dumpling class, for…” read more","Caterers,",194 reviews,https://www.yelp.com/biz/mei-mei-street-kitchen-boston-4?hrid=3FjN_h6ZitEwNo8_VivmpQ,506 Park Dr,(857) 250-4959,Asian Fusion,"Food Trucks,",,$,Mei Mei Street Kitchen,Closed,11:30 am - 2:30 pm,11:30 am - 2:30 pm,11:30 am - 2:30 pm,11:30 am - 2:30 pm,Closed,Closed,,,,"506 Park Dr, Boston, MA 02215",42.347669,-71.105948,1,rooftop,506,Park Dr,Boston,MA,Suffolk County,2215,US,City of Boston
El Pelon Taqueria,https://www.yelp.com/biz/el-pelon-taqueria-brighton,"“Best tacos, burritos, really anything offered on the menu is done better here than anywhere you will find in downtown Boston.” read more",Mexican,418 reviews,https://www.yelp.com/biz/el-pelon-taqueria-brighton?hrid=9it8w1yTlz1mrXFe8V0q4g,2197 Commonwealth Ave,(617) 779-9090,,,Offers delivery,$,El Pelon Taqueria,11:00 am - 11:00 pm,11:00 am - 11:00 pm,11:00 am - 11:00 pm,11:00 am - 11:00 pm,11:00 am - 11:00 pm,11:00 am - 11:00 pm,11:00 am - 11:00 pm,https://maps.googleapis.com/maps/api/staticmap?scale=1&center=42.340269%2C-71.166394&language=en&zoom=15&markers=scale%3A1%7Cicon%3Ahttps%3A%2F%2Fyelp-images.s3.amazonaws.com%2Fassets%2Fmap-markers%2Fannotation_32x43.png%7C42.340269%2C-71.166394&client=gme-yelp&sensor=false&size=315x150&signature=RsYiIEFFlhIc_JkB0cSwtaSkKEk=,https://www.yelp.com/map/el-pelon-taqueria-brighton,El Pelon Taqueria,"2197 Commonwealth Ave, Brighton, MA 02135",42.340244,-71.166502,1,rooftop,2197,Commonwealth Ave,Brighton,MA,Suffolk County,2135,US,City of Boston
Rod D By Sitti,https://www.yelp.com/biz/rod-d-by-sitti-brookline,"“I haven't been to Rod Dee since they closed 2 of their stores and brought new management to this one, so I was worried things would be different. I've never…” read more","Thai,",101 reviews,https://www.yelp.com/biz/rod-d-by-sitti-brookline?hrid=IaDOifQ4Ju4UlZtxh5S1jQ,1422-1424 Beacon St,(617) 738-4977,Noodles,"Coffee & Tea,",Offers takeout and delivery,$,Rod D By Sitti,"11:30 am - 3:00 pm,5:00 pm - 10:00 pm","11:30 am - 3:00 pm,5:00 pm - 10:00 pm","11:30 am - 3:00 pm,5:00 pm - 10:00 pm","11:30 am - 3:00 pm,5:00 pm - 10:00 pm","11:30 am - 3:00 pm,5:00 pm - 10:00 pm",11:30 am - 10:00 pm,12:00 pm - 10:00 pm,https://maps.googleapis.com/maps/api/staticmap?scale=1&center=42.341075%2C-71.126458&language=en&zoom=15&markers=scale%3A1%7Cicon%3Ahttps%3A%2F%2Fyelp-images.s3.amazonaws.com%2Fassets%2Fmap-markers%2Fannotation_32x43.png%7C42.341075%2C-71.126458&client=gme-yelp&sensor=false&size=315x150&signature=l3wAb5MMlhKERUJh75ha4Kv-riU=,https://www.yelp.com/map/rod-d-by-sitti-brookline,Rod D By Sitti,"1422-1424 Beacon St, Brookline, MA 02446",42.34115,-71.126281,1,rooftop,1424,Beacon St,Brookline,MA,Norfolk County,2446,US,City of Brookline
Café Fixe,https://www.yelp.com/biz/caf%C3%A9-fixe-brookline-3,“I live in the San Francisco area and take my espresso very seriously. I LOVE the coffee at Cafe Fixe! It's tied for my all time favorite in the U.S. with…” read more,Coffee & Tea,322 reviews,https://www.yelp.com/biz/caf%C3%A9-fixe-brookline-3?hrid=C3GerNSJK8RS7U8e7pCx4g,1642 Beacon St,(617) 879-2500,,,,$$,Café Fixe,6:30 am - 6:00 pm,6:30 am - 6:00 pm,6:30 am - 6:00 pm,6:30 am - 6:00 pm,6:30 am - 6:00 pm,7:30 am - 6:00 pm,7:30 am - 6:00 pm,https://maps.googleapis.com/maps/api/staticmap?scale=1&center=42.339395%2C-71.136261&language=en&zoom=15&markers=scale%3A1%7Cicon%3Ahttps%3A%2F%2Fyelp-images.s3.amazonaws.com%2Fassets%2Fmap-markers%2Fannotation_32x43.png%7C42.339395%2C-71.136261&client=gme-yelp&sensor=false&size=315x150&signature=RvjSAwDcxddmZXcuLV5hpKAvFQE=,https://www.yelp.com/map/caf%C3%A9-fixe-brookline-3,Café Fixe,"1642 Beacon St, Brookline, MA 02445",42.339445,-71.136299,1,rooftop,1642,Beacon St,Brookline,MA,Norfolk County,2445,US,City of Brookline
Michael’s Deli,https://www.yelp.com/biz/michaels-deli-brookline,"“Yum! Delicious pastrami sandwich with coleslaw on bulky roll!  I hadn't had one of these for years because sadly, there are very few real Jewish delicatessens…” read more","Delis,",428 reviews,https://www.yelp.com/biz/michaels-deli-brookline?hrid=leUelkq-sxS-59G8sVisSw,256 Harvard St,(617) 738-3354,Bagels,"Sandwiches,",,$$,Michael's Deli,9:00 am - 5:30 pm,9:00 am - 5:30 pm,9:00 am - 5:30 pm,9:00 am - 5:30 pm,9:00 am - 5:30 pm,9:00 am - 5:30 pm,9:00 am - 3:00 pm,https://maps.googleapis.com/maps/api/staticmap?scale=1&center=42.341598%2C-71.121215&language=en&zoom=15&markers=scale%3A1%7Cicon%3Ahttps%3A%2F%2Fyelp-images.s3.amazonaws.com%2Fassets%2Fmap-markers%2Fannotation_32x43.png%7C42.341598%2C-71.121215&client=gme-yelp&sensor=false&size=315x150&signature=IdHGtYMJkH53yv68Xt8SfkpUZiA=,https://www.yelp.com/map/michaels-deli-brookline,Michael’s Deli,"256 Harvard St, Brookline, MA 02446",42.341594,-71.121291,1,rooftop,256,Harvard St,Brookline,MA,Norfolk County,2446,US,City of Brookline
Party Favors,https://www.yelp.com/biz/party-favors-brookline,“Would highly recommend! Not only are their cakes fabulous creations but they taste fantastic too! John has been a pleasure to work with in designing my son's…” read more,"Party Supplies,",303 reviews,https://www.yelp.com/biz/party-favors-brookline?hrid=VTAmlIu1sPSw2xGBpawNjA,1356 Beacon St,(617) 566-3330,Custom Cakes,"Desserts,",Offers takeout and delivery,$$,Party Favors,9:30 am - 7:00 pm,9:30 am - 7:00 pm,9:30 am - 7:00 pm,9:30 am - 7:00 pm,9:30 am - 7:00 pm,9:30 am - 5:30 pm,12:00 pm - 5:00 pm,https://maps.googleapis.com/maps/api/staticmap?scale=1&center=42.342029%2C-71.122849&language=en&zoom=15&markers=scale%3A1%7Cicon%3Ahttps%3A%2F%2Fyelp-images.s3.amazonaws.com%2Fassets%2Fmap-markers%2Fannotation_32x43.png%7C42.342029%2C-71.122849&client=gme-yelp&sensor=false&size=315x150&signature=Mee1phIzM4OTWPv802TQWlbDC6k=,https://www.yelp.com/map/party-favors-brookline,Party Favors,"1356 Beacon St, Brookline, MA 02446",42.342062,-71.122767,1,rooftop,1356,Beacon St,Brookline,MA,Norfolk County,2446,US,City of Brookline
Knight Moves Cafe,https://www.yelp.com/biz/knight-moves-cafe-brookline,“I LOVE THIS PLACE!!! I came with a few friends a few weeks ago and I never wanted to leave. We came on a Saturday afternoon and it was pretty empty. They have…” read more,Cafes,100 reviews,https://www.yelp.com/biz/knight-moves-cafe-brookline?hrid=GAZNAHEmD2MMieyzIA0htA,1402 Beacon St,(617) 487-5259,,,Offers takeout and delivery,$,Knight Moves Cafe,3:00 pm - 11:00 pm,3:00 pm - 11:00 pm,3:00 pm - 11:00 pm,3:00 pm - 11:00 pm,3:00 pm - 2:00 am,10:00 am - 2:00 am,10:00 am - 2:00 am,https://maps.googleapis.com/maps/api/staticmap?scale=1&center=42.341448%2C-71.125010&language=en&zoom=15&markers=scale%3A1%7Cicon%3Ahttps%3A%2F%2Fyelp-images.s3.amazonaws.com%2Fassets%2Fmap-markers%2Fannotation_32x43.png%7C42.341448%2C-71.125010&client=gme-yelp&sensor=false&size=315x150&signature=YyYCMMzWLCDhrP0fyzTnzYGc9Jc=,https://www.yelp.com/map/knight-moves-cafe-brookline,Knight Moves Cafe,"1402 Beacon St, Brookline, MA 02446",42.341516,-71.125088,1,rooftop,1402,Beacon St,Brookline,MA,Norfolk County,2446,US,City of Brookline
Martin’s Coffee Shop,https://www.yelp.com/biz/martins-coffee-shop-brookline,“Came here for breakfast at about noon on a Sunday.  We were told the wait would be approximately 20 minutes and we must have been seated by minute 15.  Good…” read more,"Coffee & Tea,",243 reviews,https://www.yelp.com/biz/martins-coffee-shop-brookline?hrid=KaFZWvV5jbNu3B05IEELQw,35 Harvard St,(617) 566-0005,Breakfast & Brunch,"Diners,",Offers takeout and delivery,$,Martin's Coffee Shop,7:00 am - 4:00 pm,7:00 am - 4:00 pm,7:00 am - 4:00 pm,7:00 am - 4:00 pm,7:00 am - 4:00 pm,7:00 am - 3:00 pm,8:00 am - 3:00 pm,https://maps.googleapis.com/maps/api/staticmap?scale=1&center=42.334467%2C-71.118896&language=en&zoom=15&markers=scale%3A1%7Cicon%3Ahttps%3A%2F%2Fyelp-images.s3.amazonaws.com%2Fassets%2Fmap-markers%2Fannotation_32x43.png%7C42.334467%2C-71.118896&client=gme-yelp&sensor=false&size=315x150&signature=9fhl7eVxDF0sDtgQ6RZOW2YWxE0=,https://www.yelp.com/map/martins-coffee-shop-brookline,Martin’s Coffee Shop,"35 Harvard St, Brookline, MA 02445",42.334476,-71.118895,1,rooftop,35,Harvard St,Brookline,MA,Norfolk County,2445,US,City of Brookline
Citra,https://www.yelp.com/biz/citra-brookline,"“A nice place for a quick snack or small meal between stops.

Located in the Brigham Medical Building at 850 Boylston, the location of the lobby and near the…” read more","Bakeries,",8 reviews,https://www.yelp.com/biz/citra-brookline?hrid=MUOcGQTfngWnjB1Gu6y01g,850 Boylston St,(617) 566-2729,Bagels,"Coffee & Tea,",Offers takeout and delivery,$$,Citra,6:00 am - 5:00 pm,6:00 am - 5:00 pm,6:00 am - 5:00 pm,6:00 am - 5:00 pm,6:00 am - 5:00 pm,Closed,Closed,,,,"850 Boylston St, Chestnut Hill, MA 02467",42.325771,-71.149669,1,rooftop,850,Boylston St,Chestnut Hill,MA,Norfolk County,2467,US,City of Brookline
Stoked Wood Fired Pizza,https://www.yelp.com/biz/stoked-wood-fired-pizza-boston-3,"“Honestly the best pizza in Boston comes from a food truck. The crust is the perfect blend of chewiness and crispness, the sauce is sweet and the cheese…” read more","Food Trucks,",70 reviews,https://www.yelp.com/biz/stoked-wood-fired-pizza-boston-3?hrid=lZ_HKDpZp2GP08J8oewp_Q,1632 Beacon,(617) 879-0707,,Pizza,,$,Stoked Wood Fired Pizza,11:00 am - 8:00 pm,11:00 am - 8:00 pm,11:00 am - 2:30 pm,11:00 am - 2:30 pm,11:00 am - 2:30 pm,Closed,Closed,https://maps.googleapis.com/maps/api/staticmap?scale=1&language=en&client=gme-yelp&path=color%3A0x0947a766%7Cweight%3A0%7Cfillcolor%3A0x0947a766%7C42.285183%2C-71.193466%7C42.271720%2C-71.173553%7C42.271720%2C-70.968933%7C42.423963%2C-70.968933%7C42.423963%2C-71.173553%7C42.361335%2C-71.193466%7C42.285183%2C-71.193466&sensor=false&size=315x150&signature=khKubenwON_8wg7_tJO06ESGJoU=,https://www.yelp.com/map/stoked-wood-fired-pizza-boston-3,Stoked Wood Fired Pizza,"1632 Beacon St, Brookline, MA 02446",42.339686,-71.135468,1,rooftop,1632,Beacon St,Brookline,MA,Norfolk County,2446,US,City of Brookline
Anna’s Taqueria,https://www.yelp.com/biz/annas-taqueria-brookline-20,“Anna's is a must if you're in the Boston area.  Reminds me of all the times I used to come here for lunch during my free blocks in high school.  You have not…” read more,Mexican,583 reviews,https://www.yelp.com/biz/annas-taqueria-brookline-20?hrid=L9pVcHtmjqIcbvnd2cEspw,1412 Beacon St,(617) 739-7300,,,Offers takeout and delivery,$$,Anna's Taqueria,9:00 am - 11:30 pm,9:00 am - 11:30 pm,9:00 am - 11:30 pm,9:00 am - 11:30 pm,9:00 am - 11:30 pm,9:00 am - 11:30 pm,9:00 am - 11:30 pm,https://maps.googleapis.com/maps/api/staticmap?scale=1&center=42.341344%2C-71.125588&language=en&zoom=15&markers=scale%3A1%7Cicon%3Ahttps%3A%2F%2Fyelp-images.s3.amazonaws.com%2Fassets%2Fmap-markers%2Fannotation_32x43.png%7C42.341344%2C-71.125588&client=gme-yelp&sensor=false&size=315x150&signature=RpcM7HAUYQrzev1LzHXue6kXzYw=,https://www.yelp.com/map/annas-taqueria-brookline-20,Anna’s Taqueria,"1412 Beacon St, Brookline, MA 02446",42.341388,-71.125498,1,rooftop,1412,Beacon St,Brookline,MA,Norfolk County,2446,US,City of Brookline
Shawarma King,https://www.yelp.com/biz/shawarma-king-brookline,"“Used my Food for All app to get a HUGE platter for $7.

Shameless plug: get the Food for All app and use my code: kay1730 to get a meal for free! 
Basically…” read more",Middle Eastern,355 reviews,https://www.yelp.com/biz/shawarma-king-brookline?hrid=7LOA958q7RRBxsrrVaoPfg,1383 Beacon St,(617) 731-6035,,,Offers takeout and delivery,$,Shawarma King,Closed,12:00 pm - 9:00 pm,12:00 pm - 9:00 pm,12:00 pm - 9:00 pm,12:00 pm - 9:00 pm,12:00 pm - 9:00 pm,12:00 pm - 8:30 pm,https://maps.googleapis.com/maps/api/staticmap?scale=1&center=42.341105%2C-71.124126&language=en&zoom=15&markers=scale%3A1%7Cicon%3Ahttps%3A%2F%2Fyelp-images.s3.amazonaws.com%2Fassets%2Fmap-markers%2Fannotation_32x43.png%7C42.341105%2C-71.124126&client=gme-yelp&sensor=false&size=315x150&signature=tIigLu7p3ObM0JQLOQTcF98nqGw=,https://www.yelp.com/map/shawarma-king-brookline,Shawarma King,"1383 Beacon St, Brookline, MA 02446",42.341126,-71.124005,1,rooftop,1383,Beacon St,Brookline,MA,Norfolk County,2446,US,City of Brookline
Chicken and Rice Guys,https://www.yelp.com/biz/chicken-and-rice-guys-boston-3,“Incredible! Absolutely love love love this place! They offer halal chicken so that was an added bonus! I got the salad bowl with halal shawarma chicken.…” read more,"Halal,",136 reviews,https://www.yelp.com/biz/chicken-and-rice-guys-boston-3?hrid=WXi_vpfUHgqVGF_kGju1aA,,(617) 423-0490,Food Trucks,"Mediterranean,",,$,Chicken and Rice Guys,11:00 am - 9:00 pm,11:00 am - 9:00 pm,11:00 am - 9:00 pm,11:00 am - 9:00 pm,11:00 am - 9:00 pm,11:00 am - 9:00 pm,11:00 am - 9:00 pm,https://maps.googleapis.com/maps/api/staticmap?scale=1&language=en&markers=scale%3A1%7Cicon%3Ahttps%3A%2F%2Fyelp-images.s3.amazonaws.com%2Fassets%2Fmap-markers%2Fannotation_32x43.png%7C42.357457%2C-71.058131&client=gme-yelp&path=color%3A0x0947a766%7Cweight%3A0%7Cfillcolor%3A0x0947a766%7C42.271720%2C-71.173553%7C42.271720%2C-70.968933%7C42.423963%2C-70.968933%7C42.423963%2C-71.173553%7C42.271720%2C-71.173553&sensor=false&size=315x150&signature=oxSvWtLAXhnlYZ2LklE9Iu8zWIw=,https://www.yelp.com/map/chicken-and-rice-guys-boston-3,Chicken and Rice Guys,"280 Washington St, Boston, MA 02108",42.3573,-71.05744,1,rooftop,280,Washington St,Boston,MA,Suffolk County,2108,US,City of Boston
Bully Boy Distillers,https://www.yelp.com/biz/bully-boy-distillers-roxbury,"“Came to the area for a school event and I wanted a drink that wasn't beer. Enter this hidden gem! It's a little hard to find, and definitely doesn't look like…” read more","Distilleries,",113 reviews,https://www.yelp.com/biz/bully-boy-distillers-roxbury?hrid=VIcW3jaXZgGK7qjoosuVxw,,(617) 442-6000,Cocktail Bars,"Tours,",,$$,Bully Boy Distillers,Closed,Closed,5:00 pm - 10:00 pm,5:00 pm - 10:00 pm,5:00 pm - 11:00 pm,12:00 pm - 11:00 pm,12:00 pm - 8:00 pm,https://maps.googleapis.com/maps/api/staticmap?scale=1&language=en&markers=scale%3A1%7Cicon%3Ahttps%3A%2F%2Fyelp-images.s3.amazonaws.com%2Fassets%2Fmap-markers%2Fannotation_32x43.png%7C42.325397%2C-71.070728&client=gme-yelp&path=color%3A0x0947a766%7Cweight%3A0%7Cfillcolor%3A0x0947a766%7C42.271720%2C-71.173553%7C42.271720%2C-70.968933%7C42.423963%2C-70.968933%7C42.423963%2C-71.173553%7C42.271720%2C-71.173553&sensor=false&size=315x150&signature=lcd9V5wJZRsNL1b_rYavSHp1pRI=,https://www.yelp.com/map/bully-boy-distillers-roxbury,Bully Boy Distillers,"44 Cedric St, Roxbury, MA 02119",42.325567,-71.070511,1,rooftop,44,Cedric St,Boston,MA,Suffolk County,2119,US,"Office of Geographic Information (MassGIS), Commonwealth of Massachusetts, MassIT"
BAB Korean Bistro,https://www.yelp.com/biz/bab-korean-bistro-brookline-2,,Korean,105 reviews,,1374 Beacon St,(617) 383-5575,,,,$$,BAB Korean Bistro,11:30 am - 10:00 pm,11:30 am - 10:00 pm,11:30 am - 10:00 pm,11:30 am - 10:00 pm,11:30 am - 10:30 pm,11:30 am - 10:30 pm,11:00 am - 9:00 pm,https://maps.googleapis.com/maps/api/staticmap?scale=1&center=42.341775%2C-71.123609&language=en&zoom=15&markers=scale%3A1%7Cicon%3Ahttps%3A%2F%2Fyelp-images.s3.amazonaws.com%2Fassets%2Fmap-markers%2Fannotation_32x43.png%7C42.341775%2C-71.123609&client=gme-yelp&sensor=false&size=315x150&signature=Rvizjdfe4UuEKWaHqag10h4lG9Y=,https://www.yelp.com/map/bab-korean-bistro-brookline-2,BAB Korean Bistro,"1374 Beacon St, Brookline, MA 02446",42.341839,-71.123659,1,rooftop,1374,Beacon St,Brookline,MA,Norfolk County,2446,US,City of Brookline
The Coffee Trike,https://www.yelp.com/biz/the-coffee-trike-boston,"“First the basics - a delicious latte, probably the best since Bird Rock Coffee Roasters in La Jolla (which is more of a place for fancy latte variations…” read more","Coffee & Tea,",35 reviews,https://www.yelp.com/biz/the-coffee-trike-boston?hrid=RZJFIod6mhD4jVkIrdJhUQ,,(978) 918-6525,,Food Trucks,,$$,The Coffee Trike,Closed,7:00 am - 3:00 pm,Closed,7:00 am - 3:00 pm,Closed,10:00 am - 4:00 pm,10:00 am - 4:00 pm,https://maps.googleapis.com/maps/api/staticmap?scale=1&language=en&client=gme-yelp&path=color%3A0x0947a766%7Cweight%3A0%7Cfillcolor%3A0x0947a766%7C42.190373%2C-71.904831%7C41.787441%2C-71.466064%7C41.787441%2C-71.363754%7C41.848082%2C-70.561752%7C42.001346%2C-70.561752%7C42.655172%2C-70.613251%7C43.020714%2C-71.403923%7C43.020714%2C-71.506233%7C42.342813%2C-71.904831%7C42.190373%2C-71.904831&sensor=false&size=315x150&signature=0IjHvPAhwDAshH_rjh-8UFdtxRw=,https://www.yelp.com/map/the-coffee-trike-boston,The Coffee Trike,"Boston, MA 02111",42.351047,-71.059365,1,place,,,Boston,MA,Suffolk County,2111,US,TIGER/LineÂ® dataset from the US Census Bureau
U-Sushi,https://www.yelp.com/biz/u-sushi-brookline,"“Actually delicious sushi place- cheap too.

Good wine list
Great sushi
Cozy atmosphere 
Very comfy chairs 

Rolls were good, but some of the fancier rolls were…” read more","Sushi Bars,",147 reviews,https://www.yelp.com/biz/u-sushi-brookline?hrid=N1-QxW5ZWgjAD2rI1i2THg,1393 Beacon St,(617) 278-1688,,Japanese,Offers takeout and delivery,$$,U-Sushi,11:30 am - 10:30 pm,11:30 am - 10:30 pm,11:30 am - 10:30 pm,11:30 am - 10:30 pm,11:30 am - 11:00 pm,11:30 am - 11:00 pm,12:00 pm - 10:00 pm,https://maps.googleapis.com/maps/api/staticmap?scale=1&center=42.341054%2C-71.124450&language=en&zoom=15&markers=scale%3A1%7Cicon%3Ahttps%3A%2F%2Fyelp-images.s3.amazonaws.com%2Fassets%2Fmap-markers%2Fannotation_32x43.png%7C42.341054%2C-71.124450&client=gme-yelp&sensor=false&size=315x150&signature=jaS92_AiF53RPvpo-s8CaHX9PJU=,https://www.yelp.com/map/u-sushi-brookline,U-Sushi,"1393 Beacon St, Brookline, MA 02446",42.341049,-71.124362,1,rooftop,1393,Beacon St,Brookline,MA,Norfolk County,2446,US,City of Brookline
White Mountain Creamery,https://www.yelp.com/biz/white-mountain-creamery-chestnut-hill,"“Great classic ice cream place that has awesome banana splits!

They also make their own hot fudge and the ice cream flavors are pretty classic. A good place to…” read more",Ice Cream & Frozen Yogurt,167 reviews,https://www.yelp.com/biz/white-mountain-creamery-chestnut-hill?hrid=_N4piVbXpPy5RGVdGziVJA,19 Commonwealth Ave,(617) 527-8790,,,,$,White Mountain Creamery,11:00 am - 12:00 am,11:00 am - 12:00 am,11:00 am - 12:00 am,11:00 am - 12:00 am,11:00 am - 12:00 am,11:00 am - 12:00 am,11:00 am - 12:00 am,https://maps.googleapis.com/maps/api/staticmap?scale=1&center=42.340048%2C-71.167429&language=en&zoom=15&markers=scale%3A1%7Cicon%3Ahttps%3A%2F%2Fyelp-images.s3.amazonaws.com%2Fassets%2Fmap-markers%2Fannotation_32x43.png%7C42.340048%2C-71.167429&client=gme-yelp&sensor=false&size=315x150&signature=tLJCnMGEOucRzK7WT25M2b8X6gw=,https://www.yelp.com/map/white-mountain-creamery-chestnut-hill,White Mountain Creamery,"19 Commonwealth Ave, Chestnut Hill, MA 02467",42.340021,-71.167399,1,rooftop,19,Commonwealth Ave,Chestnut Hill,MA,Middlesex County,2467,US,Town of Newton
Starbucks,https://www.yelp.com/biz/starbucks-brookline-14,“There are other Starbucks closer in proximity to my abode but I always come here for my regular cup of joe. The consistency here both in service and coffee are…” read more,Coffee & Tea,36 reviews,https://www.yelp.com/biz/starbucks-brookline-14?hrid=AnA9OFVLUjtHlVfPf1Bg8Q,1655 Beacon Street,(617) 232-5940,,,Offers delivery,$$,Starbucks,5:00 am - 10:00 pm,5:00 am - 10:00 pm,5:00 am - 10:00 pm,5:00 am - 10:00 pm,5:00 am - 10:30 pm,5:30 am - 10:30 pm,5:30 am - 9:30 pm,,,,"1655 Beacon St, Brookline, MA 02445",42.338676,-71.136633,1,rooftop,1655,Beacon St,Brookline,MA,Norfolk County,2445,US,City of Brookline
The Ellis Room,https://www.yelp.com/biz/the-ellis-room-brookline,"“LOVE this spot.  Speakeasy vibe with awesome live music and a nice ambiance. Chad, the old bartender who is no longer there was great - booked cool bands and…” read more",Cocktail Bars,48 reviews,https://www.yelp.com/biz/the-ellis-room-brookline?hrid=0EPHQtGb1CTQowrvH98_ug,6 Harvard Sq,(617) 566-3782,,,,$$,The Ellis Room,Closed,4:00 pm - 2:00 am,4:00 pm - 2:00 am,4:00 pm - 2:00 am,4:00 pm - 2:00 am,4:00 pm - 2:00 am,Closed,https://maps.googleapis.com/maps/api/staticmap?scale=1&center=42.333151%2C-71.118509&language=en&zoom=15&markers=scale%3A1%7Cicon%3Ahttps%3A%2F%2Fyelp-images.s3.amazonaws.com%2Fassets%2Fmap-markers%2Fannotation_32x43.png%7C42.333151%2C-71.118509&client=gme-yelp&sensor=false&size=315x150&signature=av4GQSoV2XpSJGkb9ygHELn8tqA=,https://www.yelp.com/map/the-ellis-room-brookline,The Ellis Room,"6 Harvard Sq, Brookline, MA 02445",42.33306,-71.118474,1,rooftop,6,Harvard Sq,Brookline,MA,Norfolk County,2445,US,City of Brookline
Grainne O Malleys,https://www.yelp.com/biz/grainne-o-malleys-brookline-2,"“A cozy delicious Irish pub.
My order was a Caesar salad ($11) and added steak tips ($7) 
I also had a cider and a slice of chocolate cake.

Salad was tasty.…” read more","Irish Pub,",58 reviews,https://www.yelp.com/biz/grainne-o-malleys-brookline-2?hrid=kuWcsOSJ9YPy1f7hNsMItA,201 Harvard St,(617) 232-8787,Chicken Wings,"American (Traditional),",,$$,Grainne O Malleys,11:00 am - 2:00 am,11:00 am - 2:00 am,11:00 am - 2:00 am,11:00 am - 2:00 am,11:00 am - 2:00 am,11:00 am - 2:00 am,11:00 am - 2:00 am,https://maps.googleapis.com/maps/api/staticmap?scale=1&center=42.339696%2C-71.120732&language=en&zoom=15&markers=scale%3A1%7Cicon%3Ahttps%3A%2F%2Fyelp-images.s3.amazonaws.com%2Fassets%2Fmap-markers%2Fannotation_32x43.png%7C42.339696%2C-71.120732&client=gme-yelp&sensor=false&size=315x150&signature=kM4nT85oGxWvKXvTjjMyWVrhRig=,https://www.yelp.com/map/grainne-o-malleys-brookline-2,Grainne O Malleys,"201 Harvard St, Brookline, MA 02446",42.339674,-71.120716,1,rooftop,201,Harvard St,Brookline,MA,Norfolk County,2446,US,City of Brookline
Prairie Fire,https://www.yelp.com/biz/prairie-fire-brookline,"“A combination of great ambiance and amazing food. A brookline gem.

I recommend the fire roasted oysters and the mushroom campanelle.

Also thank you for the…” read more","American (New),",114 reviews,https://www.yelp.com/biz/prairie-fire-brookline?hrid=cHovnDYmjVgclDDliKvmww,242 Harvard St,(617) 396-8199,Breakfast & Brunch,"Bars,",,$$,Prairie Fire,4:30 pm - 10:00 pm,4:30 pm - 10:00 pm,4:30 pm - 10:00 pm,4:30 pm - 10:00 pm,4:30 pm - 10:00 pm,10:30 am - 10:00 pm,10:30 am - 10:00 pm,https://maps.googleapis.com/maps/api/staticmap?scale=1&center=42.341317%2C-71.121185&language=en&zoom=15&markers=scale%3A1%7Cicon%3Ahttps%3A%2F%2Fyelp-images.s3.amazonaws.com%2Fassets%2Fmap-markers%2Fannotation_32x43.png%7C42.341317%2C-71.121185&client=gme-yelp&sensor=false&size=315x150&signature=JTgCTRrFXoQvo-d4EUU0SS5CnLA=,https://www.yelp.com/map/prairie-fire-brookline,Prairie Fire,"242 Harvard St, Brookline, MA 02446",42.341158,-71.121184,1,rooftop,242,Harvard St,Brookline,MA,Norfolk County,2446,US,City of Brookline
Village Fare Pizza,https://www.yelp.com/biz/village-fare-pizza-brookline,“I was skeptical as I browsed around in my travels. My sister said go there!! My thoughts were it's probably not good. OMGNS I was horribly wrong. First the…” read more,"Pizza,",67 reviews,https://www.yelp.com/biz/village-fare-pizza-brookline?hrid=GWsF5g9t9Fdsju8HRi4TMQ,387 Washington St,(617) 739-2774,,Burgers,Offers takeout and delivery,$,Village Fare Pizza,10:00 am - 10:00 pm,10:00 am - 10:00 pm,10:00 am - 10:00 pm,10:00 am - 10:00 pm,10:00 am - 10:00 pm,10:00 am - 10:00 pm,10:00 am - 10:00 pm,https://maps.googleapis.com/maps/api/staticmap?scale=1&center=42.334810%2C-71.122986&language=en&zoom=15&markers=scale%3A1%7Cicon%3Ahttps%3A%2F%2Fyelp-images.s3.amazonaws.com%2Fassets%2Fmap-markers%2Fannotation_32x43.png%7C42.334810%2C-71.122986&client=gme-yelp&sensor=false&size=315x150&signature=Onf06P3Njr_HU1QMfBjQS4qP-E8=,https://www.yelp.com/map/village-fare-pizza-brookline,Village Fare Pizza,"387 Washington St, Brookline, MA 02446",42.334816,-71.122908,1,rooftop,387,Washington St,Brookline,MA,Norfolk County,2446,US,City of Brookline
Andalus Pizza & Cafe,https://www.yelp.com/biz/andalus-pizza-and-cafe-brighton,“My roommate and I are always coming in for their froyo- it's delicious. The staff is very friendly and welcoming- they're always smiling when we walk in (too…” read more,"Pizza,",86 reviews,https://www.yelp.com/biz/andalus-pizza-and-cafe-brighton?hrid=v0oiLXM2bfAa5LyecxoAYg,153 Sutherland Rd,(617) 277-5400,Ice Cream & Frozen Yogurt,"Sandwiches,",Offers takeout and delivery,$,Andalus Pizza & Cafe,11:00 am - 10:00 pm,11:00 am - 10:00 pm,11:00 am - 10:00 pm,11:00 am - 10:00 pm,11:00 am - 10:00 pm,11:00 am - 10:00 pm,11:00 am - 10:00 pm,https://maps.googleapis.com/maps/api/staticmap?scale=1&center=42.341077%2C-71.146941&language=en&zoom=15&markers=scale%3A1%7Cicon%3Ahttps%3A%2F%2Fyelp-images.s3.amazonaws.com%2Fassets%2Fmap-markers%2Fannotation_32x43.png%7C42.341077%2C-71.146941&client=gme-yelp&sensor=false&size=315x150&signature=Kh5_1kwcRXvQZiwsYYq3YQ-ifTw=,https://www.yelp.com/map/andalus-pizza-and-cafe-brighton,Andalus Pizza & Cafe,"153 Sutherland Rd, Brighton, MA 02135",42.341037,-71.146899,1,rooftop,153,Sutherland Rd,Brighton,MA,Suffolk County,2135,US,City of Boston
Starbucks,https://www.yelp.com/biz/starbucks-brighton-22,"“2.5/5 for the donuts, 4/5 overall

Pros:
-Fair amount of seating
-Efficient staff (one of whom even checked with a customer make sure he spelled their name…” read more",Coffee & Tea,37 reviews,https://www.yelp.com/biz/starbucks-brighton-22?hrid=-Sq5arNbrTcNqGTMu7pP7w,1948 Beacon St,(617) 232-0119,,,,$$,Starbucks,5:00 am - 10:00 pm,5:00 am - 10:00 pm,5:00 am - 10:00 pm,5:00 am - 10:00 pm,5:00 am - 10:00 pm,5:30 am - 10:00 pm,5:30 am - 9:30 pm,,,,"1948 Beacon St, Brighton, MA 02135",42.33631,-71.15017,1,rooftop,1948,Beacon St,Brighton,MA,Suffolk County,2135,US,City of Boston
Magnolia Smokehouse,https://www.yelp.com/biz/magnolia-smokehouse-brookline,"“Update:

I returned to Magnolia Smokehouse to give it a second chance after I saw a sign out front saying it was under new management. Who knows what really…” read more","Barbeque,",108 reviews,https://www.yelp.com/biz/magnolia-smokehouse-brookline?hrid=4J1E9XKCvA6PNx6sn-YuIw,6 Harvard Square,(617) 566-3782,American (New),"Cocktail Bars,",Offers delivery,$$,Magnolia Smokehouse,5:00 pm - 12:00 am,5:00 pm - 12:00 am,5:00 pm - 12:00 am,5:00 pm - 2:00 am,11:00 am - 2:00 am,11:00 am - 2:00 am,4:30 pm - 12:00 am,https://maps.googleapis.com/maps/api/staticmap?scale=1&center=42.333124%2C-71.118687&language=en&zoom=15&markers=scale%3A1%7Cicon%3Ahttps%3A%2F%2Fyelp-images.s3.amazonaws.com%2Fassets%2Fmap-markers%2Fannotation_32x43.png%7C42.333124%2C-71.118687&client=gme-yelp&sensor=false&size=315x150&signature=y08dv33lSvwDIQ2kPjgleHqH2mE=,https://www.yelp.com/map/magnolia-smokehouse-brookline,Magnolia Smokehouse,"6 Harvard Square, Brookline, MA 02445",42.33306,-71.118474,1,rooftop,6,Harvard Sq,Brookline,MA,Norfolk County,2445,US,City of Brookline
Anatolia Buffet and Kebab House,https://www.yelp.com/biz/anatolia-buffet-and-kebab-house-brookline,"“Love this restaurant food taste delicious, nice portions and price is great. Verity of menu options. 

Will always go back to get authentic Turkish dish.....” read more","Turkish,",51 reviews,https://www.yelp.com/biz/anatolia-buffet-and-kebab-house-brookline?hrid=uLXTQAQImTPZ4Mn-KVFsWg,305 Washington St,(617) 277-4466,,Buffets,,$$,Anatolia Buffet and Kebab House,,,,,,,,https://maps.googleapis.com/maps/api/staticmap?scale=1&center=42.333439%2C-71.119576&language=en&zoom=15&markers=scale%3A1%7Cicon%3Ahttps%3A%2F%2Fyelp-images.s3.amazonaws.com%2Fassets%2Fmap-markers%2Fannotation_32x43.png%7C42.333439%2C-71.119576&client=gme-yelp&sensor=false&size=315x150&signature=00T0ilrAQBwXIcoT8FqmpH3rTbM=,https://www.yelp.com/map/anatolia-buffet-and-kebab-house-brookline,Anatolia Buffet and Kebab House,"305 Washington St, Brookline, MA 02445",42.333435,-71.119598,1,rooftop,305,Washington St,Brookline,MA,Norfolk County,2445,US,City of Brookline
Quebrada Baking Company,https://www.yelp.com/biz/quebrada-baking-company-wellesley,“This is a review of their catering and food truck.  I always stop at the food truck at Dewey Square when it's there.  The savory croissants are to die for and…” read more,"Bakeries,",118 reviews,https://www.yelp.com/biz/quebrada-baking-company-wellesley?hrid=HZ9WBuXF_4pVeUQ9SCioUQ,,(781) 237-2111,,Cupcakes,,$$,Quebrada Baking Company,6:00 am - 6:00 pm,6:00 am - 6:00 pm,6:00 am - 6:00 pm,6:00 am - 6:00 pm,6:00 am - 6:00 pm,6:00 am - 6:00 pm,6:00 am - 6:00 pm,https://maps.googleapis.com/maps/api/staticmap?scale=1&language=en&markers=scale%3A1%7Cicon%3Ahttps%3A%2F%2Fyelp-images.s3.amazonaws.com%2Fassets%2Fmap-markers%2Fannotation_32x43.png%7C42.312839%2C-71.273547&client=gme-yelp&path=color%3A0x0947a766%7Cweight%3A0%7Cfillcolor%3A0x0947a766%7C42.274768%2C-71.316719%7C42.271720%2C-71.173553%7C42.271720%2C-70.968933%7C42.423963%2C-70.968933%7C42.424217%2C-71.204796%7C42.424217%2C-71.307106%7C42.350933%2C-71.316719%7C42.274768%2C-71.316719&sensor=false&size=315x150&signature=lth5vZE9-l3y_RSEchHJSlS7dZk=,https://www.yelp.com/map/quebrada-baking-company-wellesley,Quebrada Baking Company,"272 Washington St, Wellesley, MA 02482",42.250572,-71.1701,0.8,rooftop,272,Washington St,Dedham,MA,Norfolk County,2026,US,City of Dedham